#! /c/Source/iverilog-install/bin/vvp
:ivl_version "12.0 (devel)" "(s20150603-1539-g2693dd32b)";
:ivl_delay_selection "TYPICAL";
:vpi_time_precision - 12;
:vpi_module "C:\iverilog\lib\ivl\system.vpi";
:vpi_module "C:\iverilog\lib\ivl\vhdl_sys.vpi";
:vpi_module "C:\iverilog\lib\ivl\vhdl_textio.vpi";
:vpi_module "C:\iverilog\lib\ivl\v2005_math.vpi";
:vpi_module "C:\iverilog\lib\ivl\va_math.vpi";
S_00000296ad6c3cd0 .scope module, "MUX_A" "MUX_A" 2 1;
 .timescale 0 0;
    .port_info 0 /INPUT 1 "A_forward";
    .port_info 1 /INPUT 2 "imm_type";
    .port_info 2 /INPUT 32 "data1";
    .port_info 3 /INPUT 32 "PC";
    .port_info 4 /INPUT 32 "forwarding_data_A";
    .port_info 5 /OUTPUT 32 "ALU_data_A";
v00000296ad680f20_0 .var "ALU_data_A", 31 0;
o00000296ad6c4fc8 .functor BUFZ 1, C4<z>; HiZ drive
v00000296ad681740_0 .net "A_forward", 0 0, o00000296ad6c4fc8;  0 drivers
o00000296ad6c4ff8 .functor BUFZ 32, C4<zzzzzzzzzzzzzzzzzzzzzzzzzzzzzzzz>; HiZ drive
v00000296ad680fc0_0 .net "PC", 31 0, o00000296ad6c4ff8;  0 drivers
o00000296ad6c5028 .functor BUFZ 32, C4<zzzzzzzzzzzzzzzzzzzzzzzzzzzzzzzz>; HiZ drive
v00000296ad6803e0_0 .net "data1", 31 0, o00000296ad6c5028;  0 drivers
o00000296ad6c5058 .functor BUFZ 32, C4<zzzzzzzzzzzzzzzzzzzzzzzzzzzzzzzz>; HiZ drive
v00000296ad67fc60_0 .net "forwarding_data_A", 31 0, o00000296ad6c5058;  0 drivers
o00000296ad6c5088 .functor BUFZ 2, C4<zz>; HiZ drive
v00000296ad681560_0 .net "imm_type", 1 0, o00000296ad6c5088;  0 drivers
E_00000296ad6a3ab0/0 .event anyedge, v00000296ad681740_0, v00000296ad67fc60_0, v00000296ad681560_0, v00000296ad6803e0_0;
E_00000296ad6a3ab0/1 .event anyedge, v00000296ad680fc0_0;
E_00000296ad6a3ab0 .event/or E_00000296ad6a3ab0/0, E_00000296ad6a3ab0/1;
S_00000296ad2cdc20 .scope module, "MUX_B" "MUX_B" 3 1;
 .timescale 0 0;
    .port_info 0 /INPUT 1 "B_forward";
    .port_info 1 /INPUT 2 "imm_type";
    .port_info 2 /INPUT 32 "data2";
    .port_info 3 /INPUT 32 "imm";
    .port_info 4 /INPUT 32 "forwarding_data_B";
    .port_info 5 /OUTPUT 32 "ALU_data_B";
v00000296ad680700_0 .var "ALU_data_B", 31 0;
o00000296ad6c5208 .functor BUFZ 1, C4<z>; HiZ drive
v00000296ad680840_0 .net "B_forward", 0 0, o00000296ad6c5208;  0 drivers
o00000296ad6c5238 .functor BUFZ 32, C4<zzzzzzzzzzzzzzzzzzzzzzzzzzzzzzzz>; HiZ drive
v00000296ad681100_0 .net "data2", 31 0, o00000296ad6c5238;  0 drivers
o00000296ad6c5268 .functor BUFZ 32, C4<zzzzzzzzzzzzzzzzzzzzzzzzzzzzzzzz>; HiZ drive
v00000296ad6817e0_0 .net "forwarding_data_B", 31 0, o00000296ad6c5268;  0 drivers
o00000296ad6c5298 .functor BUFZ 32, C4<zzzzzzzzzzzzzzzzzzzzzzzzzzzzzzzz>; HiZ drive
v00000296ad681920_0 .net "imm", 31 0, o00000296ad6c5298;  0 drivers
o00000296ad6c52c8 .functor BUFZ 2, C4<zz>; HiZ drive
v00000296ad680520_0 .net "imm_type", 1 0, o00000296ad6c52c8;  0 drivers
E_00000296ad6a42b0/0 .event anyedge, v00000296ad680840_0, v00000296ad6817e0_0, v00000296ad680520_0, v00000296ad681100_0;
E_00000296ad6a42b0/1 .event anyedge, v00000296ad681920_0;
E_00000296ad6a42b0 .event/or E_00000296ad6a42b0/0, E_00000296ad6a42b0/1;
S_00000296ad2cddb0 .scope module, "tb" "tb" 4 2;
 .timescale -9 -12;
v00000296ad720c30_0 .var/i "Cycles", 31 0;
v00000296ad720cd0_0 .var/i "PC_file", 31 0;
v00000296ad71f790_0 .var "clk", 0 0;
v00000296ad71f830_0 .var "rst_n", 0 0;
S_00000296ad6290b0 .scope module, "cpu" "CPU" 4 5, 5 11 0, S_00000296ad2cddb0;
 .timescale 0 0;
    .port_info 0 /INPUT 1 "clk";
    .port_info 1 /INPUT 1 "rst_n";
v00000296ad71e400_0 .net "Bubble", 0 0, v00000296ad712250_0;  1 drivers
v00000296ad71e7c0_0 .net "EX_ALU_ctrl", 3 0, v00000296ad7132c0_0;  1 drivers
v00000296ad71ee00_0 .net "EX_ALU_data_A", 31 0, L_00000296ad779b80;  1 drivers
v00000296ad71d960_0 .net "EX_ALU_data_B", 31 0, L_00000296ad7794a0;  1 drivers
v00000296ad71e220_0 .net "EX_Carry_out", 0 0, v00000296ad680980_0;  1 drivers
v00000296ad71ea40_0 .net "EX_Negative", 0 0, v00000296ad680a20_0;  1 drivers
v00000296ad71da00_0 .net "EX_Overflow", 0 0, v00000296ad681420_0;  1 drivers
v00000296ad71e4a0_0 .net "EX_PC", 31 0, L_00000296ad77a800;  1 drivers
v00000296ad71eae0_0 .net "EX_PC_add4", 31 0, v00000296ad713540_0;  1 drivers
v00000296ad71ed60_0 .net "EX_Result", 31 0, v00000296ad680ac0_0;  1 drivers
v00000296ad71ef40_0 .net "EX_Zero", 0 0, v00000296ad6814c0_0;  1 drivers
v00000296ad71d5a0_0 .net "EX_data1", 31 0, v00000296ad713c20_0;  1 drivers
v00000296ad71ecc0_0 .net "EX_data2", 31 0, v00000296ad714d00_0;  1 drivers
v00000296ad71ec20_0 .net "EX_imm", 31 0, v00000296ad714940_0;  1 drivers
v00000296ad71d1e0_0 .net "EX_instruction", 31 0, v00000296ad7144e0_0;  1 drivers
v00000296ad71e2c0_0 .net "EX_mem_re", 0 0, v00000296ad7135e0_0;  1 drivers
v00000296ad71d280_0 .net "EX_mem_we", 0 0, v00000296ad713f40_0;  1 drivers
v00000296ad71d320_0 .net "EX_rs1_PC_select", 0 0, v00000296ad7149e0_0;  1 drivers
v00000296ad71daa0_0 .net "EX_rs1_update_data", 31 0, L_00000296ad779ea0;  1 drivers
v00000296ad71d640_0 .net "EX_rs2_imm_select", 0 0, v00000296ad713360_0;  1 drivers
v00000296ad71d6e0_0 .net "EX_rs2_update_data", 31 0, L_00000296ad77ada0;  1 drivers
v00000296ad71dbe0_0 .net "ID_ALU_ctrl", 3 0, v00000296ad711df0_0;  1 drivers
v00000296ad71d780_0 .net "ID_PC_add4", 31 0, v00000296ad714120_0;  1 drivers
v00000296ad71dc80_0 .net "ID_data1", 31 0, v00000296ad717820_0;  1 drivers
v00000296ad71e540_0 .net "ID_data2", 31 0, v00000296ad716600_0;  1 drivers
v00000296ad7205f0_0 .net "ID_imm", 31 0, v00000296ad711030_0;  1 drivers
v00000296ad720f50_0 .net "ID_instruction", 31 0, v00000296ad7141c0_0;  1 drivers
v00000296ad7202d0_0 .net "ID_mem_re", 0 0, v00000296ad711170_0;  1 drivers
v00000296ad71fe70_0 .net "ID_mem_we", 0 0, v00000296ad7148a0_0;  1 drivers
v00000296ad71f330_0 .net "ID_rs1", 4 0, v00000296ad713220_0;  1 drivers
v00000296ad71f3d0_0 .net "ID_rs1_PC_select", 0 0, v00000296ad714800_0;  1 drivers
v00000296ad71fb50_0 .net "ID_rs2", 4 0, v00000296ad713b80_0;  1 drivers
v00000296ad7209b0_0 .net "ID_rs2_imm_select", 0 0, v00000296ad714300_0;  1 drivers
v00000296ad71ff10_0 .net "IF_PC", 31 0, v00000296ad7184d0_0;  1 drivers
v00000296ad71f470_0 .net "IF_PC_add4", 31 0, L_00000296ad71fd30;  1 drivers
v00000296ad71f8d0_0 .net "IF_instruction", 31 0, v00000296ad718610_0;  1 drivers
v00000296ad71f0b0_0 .net "MEM_LOAD_data", 31 0, v00000296ad717c80_0;  1 drivers
v00000296ad720370_0 .net "MEM_PC_add4", 31 0, v00000296ad712110_0;  1 drivers
v00000296ad71fa10_0 .net "MEM_Result", 31 0, v00000296ad711c10_0;  1 drivers
v00000296ad71f1f0_0 .net "MEM_STOR_DATA", 31 0, v00000296ad7121b0_0;  1 drivers
v00000296ad720690_0 .net "MEM_instruction", 31 0, v00000296ad712610_0;  1 drivers
v00000296ad71fbf0_0 .net "MEM_mem_re", 0 0, v00000296ad712070_0;  1 drivers
v00000296ad720730_0 .net "MEM_mem_we", 0 0, v00000296ad712750_0;  1 drivers
v00000296ad7207d0_0 .net "PC_predict", 31 0, L_00000296ad77a940;  1 drivers
v00000296ad71f650_0 .net "PC_update", 0 0, v00000296ad714e40_0;  1 drivers
v00000296ad720050_0 .net "WB_LOAD_data", 31 0, v00000296ad7178c0_0;  1 drivers
v00000296ad720910_0 .net "WB_PC_add4", 31 0, v00000296ad7173c0_0;  1 drivers
v00000296ad71f510_0 .net "WB_Result", 31 0, v00000296ad717f00_0;  1 drivers
v00000296ad71ffb0_0 .net "WB_instruction", 31 0, v00000296ad717640_0;  1 drivers
v00000296ad720d70_0 .net "clean", 0 0, v00000296ad714620_0;  1 drivers
v00000296ad720a50_0 .net "clk", 0 0, v00000296ad71f790_0;  1 drivers
v00000296ad720410_0 .net "data1_update", 0 0, v00000296ad711710_0;  1 drivers
v00000296ad720870_0 .net "data2_update", 0 0, v00000296ad712e30_0;  1 drivers
v00000296ad71fc90_0 .net "is_JBtype", 0 0, v00000296ad7137c0_0;  1 drivers
v00000296ad720e10_0 .net "jump", 0 0, v00000296ad713a40_0;  1 drivers
v00000296ad720af0_0 .net "jump_PC", 31 0, L_00000296ad77aee0;  1 drivers
v00000296ad71f5b0_0 .net "jump_dist", 31 0, v00000296ad7167e0_0;  1 drivers
v00000296ad7200f0_0 .net "rs1_update_data", 31 0, v00000296ad712390_0;  1 drivers
v00000296ad720eb0_0 .net "rs2_update_data", 31 0, v00000296ad711990_0;  1 drivers
v00000296ad7204b0_0 .net "rst_n", 0 0, v00000296ad71f830_0;  1 drivers
v00000296ad71f6f0_0 .net "serch_en", 0 0, v00000296ad711ad0_0;  1 drivers
v00000296ad71f150_0 .net "waddr", 4 0, v00000296ad718390_0;  1 drivers
v00000296ad71f290_0 .net "wdata", 31 0, v00000296ad7186b0_0;  1 drivers
v00000296ad720b90_0 .net "we", 0 0, v00000296ad719010_0;  1 drivers
S_00000296ad629240 .scope module, "ALU" "ALU" 5 190, 6 1 0, S_00000296ad6290b0;
 .timescale 0 0;
    .port_info 0 /INPUT 32 "A";
    .port_info 1 /INPUT 32 "B";
    .port_info 2 /INPUT 4 "ALU_ctrl";
    .port_info 3 /OUTPUT 32 "Result";
    .port_info 4 /OUTPUT 1 "Zero";
    .port_info 5 /OUTPUT 1 "Overflow";
    .port_info 6 /OUTPUT 1 "Carry_out";
    .port_info 7 /OUTPUT 1 "Negative";
P_00000296ad2bf6a0 .param/l "OP_ADD" 1 6 18, C4<0000>;
P_00000296ad2bf6d8 .param/l "OP_AND" 1 6 20, C4<0010>;
P_00000296ad2bf710 .param/l "OP_EQ" 1 6 29, C4<1011>;
P_00000296ad2bf748 .param/l "OP_LUI" 1 6 28, C4<1010>;
P_00000296ad2bf780 .param/l "OP_MAX" 1 6 31, C4<1101>;
P_00000296ad2bf7b8 .param/l "OP_MIN" 1 6 32, C4<1110>;
P_00000296ad2bf7f0 .param/l "OP_NE" 1 6 30, C4<1100>;
P_00000296ad2bf828 .param/l "OP_NOR" 1 6 23, C4<0101>;
P_00000296ad2bf860 .param/l "OP_NOT" 1 6 33, C4<1111>;
P_00000296ad2bf898 .param/l "OP_OR" 1 6 21, C4<0011>;
P_00000296ad2bf8d0 .param/l "OP_SLL" 1 6 25, C4<0111>;
P_00000296ad2bf908 .param/l "OP_SLT" 1 6 24, C4<0110>;
P_00000296ad2bf940 .param/l "OP_SRA" 1 6 27, C4<1001>;
P_00000296ad2bf978 .param/l "OP_SRL" 1 6 26, C4<1000>;
P_00000296ad2bf9b0 .param/l "OP_SUB" 1 6 19, C4<0001>;
P_00000296ad2bf9e8 .param/l "OP_XOR" 1 6 22, C4<0100>;
v00000296ad6812e0_0 .net "A", 31 0, L_00000296ad779b80;  alias, 1 drivers
v00000296ad6808e0_0 .net "ALU_ctrl", 3 0, v00000296ad7132c0_0;  alias, 1 drivers
v00000296ad67fd00_0 .net "B", 31 0, L_00000296ad7794a0;  alias, 1 drivers
v00000296ad680980_0 .var "Carry_out", 0 0;
v00000296ad680a20_0 .var "Negative", 0 0;
v00000296ad681420_0 .var "Overflow", 0 0;
v00000296ad680ac0_0 .var "Result", 31 0;
v00000296ad6814c0_0 .var "Zero", 0 0;
v00000296ad65b690_0 .net "shift_amount", 4 0, L_00000296ad779f40;  1 drivers
v00000296ad65b5f0_0 .var "slt_result", 31 0;
v00000296ad65b050_0 .var "temp_result", 32 0;
E_00000296ad6a3f30/0 .event anyedge, v00000296ad6808e0_0, v00000296ad6812e0_0, v00000296ad67fd00_0, v00000296ad65b050_0;
E_00000296ad6a3f30/1 .event anyedge, v00000296ad680ac0_0, v00000296ad65b5f0_0, v00000296ad65b690_0;
E_00000296ad6a3f30 .event/or E_00000296ad6a3f30/0, E_00000296ad6a3f30/1;
L_00000296ad779f40 .part L_00000296ad7794a0, 0, 5;
S_00000296ad2b6960 .scope module, "A_select" "MUX" 5 178, 7 1 0, S_00000296ad6290b0;
 .timescale 0 0;
    .port_info 0 /INPUT 1 "select";
    .port_info 1 /INPUT 32 "in0";
    .port_info 2 /INPUT 32 "in1";
    .port_info 3 /OUTPUT 32 "out";
v00000296ad65be10_0 .net "in0", 31 0, L_00000296ad779ea0;  alias, 1 drivers
v00000296ad65beb0_0 .net "in1", 31 0, L_00000296ad77a800;  alias, 1 drivers
v00000296ad65b7d0_0 .net "out", 31 0, L_00000296ad779b80;  alias, 1 drivers
v00000296ad65b0f0_0 .net "select", 0 0, v00000296ad7149e0_0;  alias, 1 drivers
L_00000296ad779b80 .functor MUXZ 32, L_00000296ad779ea0, L_00000296ad77a800, v00000296ad7149e0_0, C4<>;
S_00000296ad2b6af0 .scope module, "BHT" "BHT" 5 312, 8 1 0, S_00000296ad6290b0;
 .timescale 0 0;
    .port_info 0 /INPUT 1 "clk";
    .port_info 1 /INPUT 1 "rst_n";
    .port_info 2 /INPUT 1 "is_JBtype";
    .port_info 3 /INPUT 1 "jump";
    .port_info 4 /OUTPUT 1 "serch_en";
v00000296ad65b910_0 .net "clk", 0 0, v00000296ad71f790_0;  alias, 1 drivers
v00000296ad65b9b0_0 .net "is_JBtype", 0 0, v00000296ad7137c0_0;  alias, 1 drivers
v00000296ad7112b0_0 .net "jump", 0 0, v00000296ad713a40_0;  alias, 1 drivers
v00000296ad711350_0 .net "rst_n", 0 0, v00000296ad71f830_0;  alias, 1 drivers
v00000296ad711ad0_0 .var "serch_en", 0 0;
v00000296ad712930_0 .var "state", 1 0;
E_00000296ad6a3db0 .event anyedge, v00000296ad712930_0;
E_00000296ad6a3770/0 .event negedge, v00000296ad711350_0;
E_00000296ad6a3770/1 .event posedge, v00000296ad65b910_0;
E_00000296ad6a3770 .event/or E_00000296ad6a3770/0, E_00000296ad6a3770/1;
S_00000296ad2b2420 .scope module, "B_select" "MUX" 5 184, 7 1 0, S_00000296ad6290b0;
 .timescale 0 0;
    .port_info 0 /INPUT 1 "select";
    .port_info 1 /INPUT 32 "in0";
    .port_info 2 /INPUT 32 "in1";
    .port_info 3 /OUTPUT 32 "out";
v00000296ad711f30_0 .net "in0", 31 0, L_00000296ad77ada0;  alias, 1 drivers
v00000296ad711fd0_0 .net "in1", 31 0, v00000296ad714940_0;  alias, 1 drivers
v00000296ad712bb0_0 .net "out", 31 0, L_00000296ad7794a0;  alias, 1 drivers
v00000296ad711b70_0 .net "select", 0 0, v00000296ad713360_0;  alias, 1 drivers
L_00000296ad7794a0 .functor MUXZ 32, L_00000296ad77ada0, v00000296ad714940_0, v00000296ad713360_0, C4<>;
S_00000296ad2b25b0 .scope module, "EX_MEM" "EX_MEM_regs" 5 223, 9 1 0, S_00000296ad6290b0;
 .timescale 0 0;
    .port_info 0 /INPUT 1 "clk";
    .port_info 1 /INPUT 1 "rst_n";
    .port_info 2 /INPUT 1 "Bubble";
    .port_info 3 /INPUT 32 "EX_instruction";
    .port_info 4 /OUTPUT 32 "MEM_instruction";
    .port_info 5 /INPUT 32 "EX_Result";
    .port_info 6 /OUTPUT 32 "MEM_Result";
    .port_info 7 /INPUT 32 "EX_PC_add4";
    .port_info 8 /OUTPUT 32 "MEM_PC_add4";
    .port_info 9 /INPUT 1 "EX_mem_re";
    .port_info 10 /OUTPUT 1 "MEM_mem_re";
    .port_info 11 /INPUT 1 "EX_mem_we";
    .port_info 12 /OUTPUT 1 "MEM_mem_we";
    .port_info 13 /INPUT 32 "EX_STOR_DATA";
    .port_info 14 /OUTPUT 32 "MEM_STOR_DATA";
v00000296ad7129d0_0 .net "Bubble", 0 0, v00000296ad712250_0;  alias, 1 drivers
v00000296ad7113f0_0 .net "EX_PC_add4", 31 0, v00000296ad713540_0;  alias, 1 drivers
v00000296ad711490_0 .net "EX_Result", 31 0, v00000296ad680ac0_0;  alias, 1 drivers
v00000296ad711d50_0 .net "EX_STOR_DATA", 31 0, L_00000296ad77ada0;  alias, 1 drivers
v00000296ad711530_0 .net "EX_instruction", 31 0, v00000296ad7144e0_0;  alias, 1 drivers
v00000296ad712890_0 .net "EX_mem_re", 0 0, v00000296ad7135e0_0;  alias, 1 drivers
v00000296ad711e90_0 .net "EX_mem_we", 0 0, v00000296ad713f40_0;  alias, 1 drivers
v00000296ad712110_0 .var "MEM_PC_add4", 31 0;
v00000296ad711c10_0 .var "MEM_Result", 31 0;
v00000296ad7121b0_0 .var "MEM_STOR_DATA", 31 0;
v00000296ad712610_0 .var "MEM_instruction", 31 0;
v00000296ad712070_0 .var "MEM_mem_re", 0 0;
v00000296ad712750_0 .var "MEM_mem_we", 0 0;
v00000296ad7127f0_0 .net "clk", 0 0, v00000296ad71f790_0;  alias, 1 drivers
v00000296ad712d90_0 .net "rst_n", 0 0, v00000296ad71f830_0;  alias, 1 drivers
S_00000296ad2a7b70 .scope module, "FCU" "ForwardingCtrlUnion" 5 294, 10 1 0, S_00000296ad6290b0;
 .timescale 0 0;
    .port_info 0 /INPUT 1 "clk";
    .port_info 1 /INPUT 1 "rst_n";
    .port_info 2 /INPUT 32 "instruction_EX";
    .port_info 3 /INPUT 32 "instruction_MEM";
    .port_info 4 /INPUT 32 "instruction_WB";
    .port_info 5 /INPUT 32 "Result_MEM";
    .port_info 6 /INPUT 32 "Result_WB";
    .port_info 7 /INPUT 32 "LOAD_data_MEM";
    .port_info 8 /OUTPUT 1 "data1_update";
    .port_info 9 /OUTPUT 1 "data2_update";
    .port_info 10 /OUTPUT 32 "rs1_update_data";
    .port_info 11 /OUTPUT 32 "rs2_update_data";
    .port_info 12 /OUTPUT 1 "Bubble";
P_00000296ad2a7d00 .param/l "B_type" 1 11 6, C4<1100011>;
P_00000296ad2a7d38 .param/l "I_type_ARITH" 1 11 2, C4<0010011>;
P_00000296ad2a7d70 .param/l "I_type_JALR" 1 11 4, C4<1100111>;
P_00000296ad2a7da8 .param/l "I_type_LOAD" 1 11 3, C4<0000011>;
P_00000296ad2a7de0 .param/l "J_type" 1 11 7, C4<1101111>;
P_00000296ad2a7e18 .param/l "R_type" 1 11 1, C4<0110011>;
P_00000296ad2a7e50 .param/l "S_type" 1 11 5, C4<0100011>;
v00000296ad712250_0 .var "Bubble", 0 0;
v00000296ad7115d0_0 .var "Bubble_clr", 0 0;
v00000296ad711670_0 .net "LOAD_data_MEM", 31 0, v00000296ad717c80_0;  alias, 1 drivers
v00000296ad711cb0_0 .net "Result_MEM", 31 0, v00000296ad711c10_0;  alias, 1 drivers
v00000296ad712cf0_0 .net "Result_WB", 31 0, v00000296ad717f00_0;  alias, 1 drivers
v00000296ad712a70_0 .net "clk", 0 0, v00000296ad71f790_0;  alias, 1 drivers
v00000296ad711710_0 .var "data1_update", 0 0;
v00000296ad712e30_0 .var "data2_update", 0 0;
v00000296ad7117b0_0 .net "instruction_EX", 31 0, v00000296ad7144e0_0;  alias, 1 drivers
v00000296ad712b10_0 .net "instruction_MEM", 31 0, v00000296ad712610_0;  alias, 1 drivers
v00000296ad711210_0 .net "instruction_WB", 31 0, v00000296ad717640_0;  alias, 1 drivers
v00000296ad7122f0_0 .net "opcode_EX", 6 0, L_00000296ad77a9e0;  1 drivers
v00000296ad712c50_0 .net "opcode_MEM", 6 0, L_00000296ad77ae40;  1 drivers
v00000296ad712570_0 .net "opcode_WB", 6 0, L_00000296ad7795e0;  1 drivers
v00000296ad7126b0_0 .var "rd_MEM", 4 0;
v00000296ad7124d0_0 .var "rd_WB", 4 0;
v00000296ad711850_0 .var "rs1_EX", 4 0;
v00000296ad712390_0 .var "rs1_update_data", 31 0;
v00000296ad7118f0_0 .var "rs2_EX", 4 0;
v00000296ad711990_0 .var "rs2_update_data", 31 0;
v00000296ad711a30_0 .net "rst_n", 0 0, v00000296ad71f830_0;  alias, 1 drivers
E_00000296ad6a4130/0 .event anyedge, v00000296ad7118f0_0, v00000296ad7126b0_0, v00000296ad712c50_0, v00000296ad711670_0;
E_00000296ad6a4130/1 .event anyedge, v00000296ad711c10_0, v00000296ad7124d0_0, v00000296ad712cf0_0;
E_00000296ad6a4130 .event/or E_00000296ad6a4130/0, E_00000296ad6a4130/1;
E_00000296ad6a41f0/0 .event anyedge, v00000296ad711850_0, v00000296ad7126b0_0, v00000296ad712c50_0, v00000296ad711670_0;
E_00000296ad6a41f0/1 .event anyedge, v00000296ad711c10_0, v00000296ad7124d0_0, v00000296ad712cf0_0;
E_00000296ad6a41f0 .event/or E_00000296ad6a41f0/0, E_00000296ad6a41f0/1;
E_00000296ad6a4430 .event anyedge, v00000296ad712c50_0, v00000296ad7115d0_0;
E_00000296ad6a3fb0 .event anyedge, v00000296ad7122f0_0, v00000296ad711530_0;
E_00000296ad6a45f0 .event anyedge, v00000296ad712570_0, v00000296ad711210_0;
E_00000296ad6a3ff0 .event anyedge, v00000296ad712c50_0, v00000296ad712610_0;
L_00000296ad77a9e0 .part v00000296ad7144e0_0, 0, 7;
L_00000296ad77ae40 .part v00000296ad712610_0, 0, 7;
L_00000296ad7795e0 .part v00000296ad717640_0, 0, 7;
S_00000296ad2a0150 .scope module, "IDU" "InstructionDecoder" 5 80, 12 9 0, S_00000296ad6290b0;
 .timescale 0 0;
    .port_info 0 /INPUT 32 "instruction";
    .port_info 1 /OUTPUT 5 "rs1";
    .port_info 2 /OUTPUT 5 "rs2";
    .port_info 3 /OUTPUT 5 "rd";
    .port_info 4 /OUTPUT 32 "imm";
    .port_info 5 /OUTPUT 4 "ALU_ctrl";
    .port_info 6 /OUTPUT 1 "rs1_PC_select";
    .port_info 7 /OUTPUT 1 "rs2_imm_select";
    .port_info 8 /OUTPUT 1 "mem_re";
    .port_info 9 /OUTPUT 1 "mem_we";
P_00000296ad6c4170 .param/l "B_type" 1 11 6, C4<1100011>;
P_00000296ad6c41a8 .param/l "I_type_ARITH" 1 11 2, C4<0010011>;
P_00000296ad6c41e0 .param/l "I_type_JALR" 1 11 4, C4<1100111>;
P_00000296ad6c4218 .param/l "I_type_LOAD" 1 11 3, C4<0000011>;
P_00000296ad6c4250 .param/l "J_type" 1 11 7, C4<1101111>;
P_00000296ad6c4288 .param/l "OP_ADD" 1 13 3, C4<0000>;
P_00000296ad6c42c0 .param/l "OP_AND" 1 13 5, C4<0010>;
P_00000296ad6c42f8 .param/l "OP_EQ" 1 13 14, C4<1011>;
P_00000296ad6c4330 .param/l "OP_LUI" 1 13 13, C4<1010>;
P_00000296ad6c4368 .param/l "OP_MAX" 1 13 16, C4<1101>;
P_00000296ad6c43a0 .param/l "OP_MIN" 1 13 17, C4<1110>;
P_00000296ad6c43d8 .param/l "OP_NE" 1 13 15, C4<1100>;
P_00000296ad6c4410 .param/l "OP_NOR" 1 13 8, C4<0101>;
P_00000296ad6c4448 .param/l "OP_NOT" 1 13 18, C4<1111>;
P_00000296ad6c4480 .param/l "OP_OR" 1 13 6, C4<0011>;
P_00000296ad6c44b8 .param/l "OP_SLL" 1 13 10, C4<0111>;
P_00000296ad6c44f0 .param/l "OP_SLT" 1 13 9, C4<0110>;
P_00000296ad6c4528 .param/l "OP_SRA" 1 13 12, C4<1001>;
P_00000296ad6c4560 .param/l "OP_SRL" 1 13 11, C4<1000>;
P_00000296ad6c4598 .param/l "OP_SUB" 1 13 4, C4<0001>;
P_00000296ad6c45d0 .param/l "OP_XOR" 1 13 7, C4<0100>;
P_00000296ad6c4608 .param/l "R_type" 1 11 1, C4<0110011>;
P_00000296ad6c4640 .param/l "S_type" 1 11 5, C4<0100011>;
v00000296ad711df0_0 .var "ALU_ctrl", 3 0;
v00000296ad712430_0 .net "funct3", 2 0, L_00000296ad779540;  1 drivers
v00000296ad712ed0_0 .net "funct7", 6 0, L_00000296ad77a3a0;  1 drivers
v00000296ad711030_0 .var "imm", 31 0;
v00000296ad7110d0_0 .net "instruction", 31 0, v00000296ad7141c0_0;  alias, 1 drivers
v00000296ad711170_0 .var "mem_re", 0 0;
v00000296ad7148a0_0 .var "mem_we", 0 0;
v00000296ad714080_0 .net "opcode", 6 0, L_00000296ad779e00;  1 drivers
v00000296ad713180_0 .var "rd", 4 0;
v00000296ad713220_0 .var "rs1", 4 0;
v00000296ad714800_0 .var "rs1_PC_select", 0 0;
v00000296ad713b80_0 .var "rs2", 4 0;
v00000296ad714300_0 .var "rs2_imm_select", 0 0;
E_00000296ad6a46b0 .event anyedge, v00000296ad714080_0, v00000296ad7110d0_0, v00000296ad712430_0, v00000296ad712ed0_0;
L_00000296ad779e00 .part v00000296ad7141c0_0, 0, 7;
L_00000296ad779540 .part v00000296ad7141c0_0, 12, 3;
L_00000296ad77a3a0 .part v00000296ad7141c0_0, 25, 7;
S_00000296ad715b40 .scope module, "ID_EX" "ID_EX_regs" 5 116, 14 1 0, S_00000296ad6290b0;
 .timescale 0 0;
    .port_info 0 /INPUT 1 "clk";
    .port_info 1 /INPUT 1 "rst_n";
    .port_info 2 /INPUT 1 "Bubble";
    .port_info 3 /INPUT 1 "clean";
    .port_info 4 /INPUT 32 "ID_PC_add4";
    .port_info 5 /OUTPUT 32 "EX_PC_add4";
    .port_info 6 /INPUT 32 "ID_instruction";
    .port_info 7 /OUTPUT 32 "EX_instruction";
    .port_info 8 /INPUT 32 "ID_data1";
    .port_info 9 /OUTPUT 32 "EX_data1";
    .port_info 10 /INPUT 32 "ID_data2";
    .port_info 11 /OUTPUT 32 "EX_data2";
    .port_info 12 /INPUT 32 "ID_imm";
    .port_info 13 /OUTPUT 32 "EX_imm";
    .port_info 14 /INPUT 1 "ID_rs1_PC_select";
    .port_info 15 /OUTPUT 1 "EX_rs1_PC_select";
    .port_info 16 /INPUT 1 "ID_rs2_imm_select";
    .port_info 17 /OUTPUT 1 "EX_rs2_imm_select";
    .port_info 18 /INPUT 4 "ID_ALU_ctrl";
    .port_info 19 /OUTPUT 4 "EX_ALU_ctrl";
    .port_info 20 /INPUT 1 "ID_mem_re";
    .port_info 21 /OUTPUT 1 "EX_mem_re";
    .port_info 22 /INPUT 1 "ID_mem_we";
    .port_info 23 /OUTPUT 1 "EX_mem_we";
v00000296ad713ae0_0 .net "Bubble", 0 0, v00000296ad712250_0;  alias, 1 drivers
v00000296ad7132c0_0 .var "EX_ALU_ctrl", 3 0;
v00000296ad713540_0 .var "EX_PC_add4", 31 0;
v00000296ad713c20_0 .var "EX_data1", 31 0;
v00000296ad714d00_0 .var "EX_data2", 31 0;
v00000296ad714940_0 .var "EX_imm", 31 0;
v00000296ad7144e0_0 .var "EX_instruction", 31 0;
v00000296ad7135e0_0 .var "EX_mem_re", 0 0;
v00000296ad713f40_0 .var "EX_mem_we", 0 0;
v00000296ad7149e0_0 .var "EX_rs1_PC_select", 0 0;
v00000296ad713360_0 .var "EX_rs2_imm_select", 0 0;
v00000296ad713040_0 .net "ID_ALU_ctrl", 3 0, v00000296ad711df0_0;  alias, 1 drivers
v00000296ad714da0_0 .net "ID_PC_add4", 31 0, v00000296ad714120_0;  alias, 1 drivers
v00000296ad713d60_0 .net "ID_data1", 31 0, v00000296ad717820_0;  alias, 1 drivers
v00000296ad713cc0_0 .net "ID_data2", 31 0, v00000296ad716600_0;  alias, 1 drivers
v00000296ad7146c0_0 .net "ID_imm", 31 0, v00000296ad711030_0;  alias, 1 drivers
v00000296ad713860_0 .net "ID_instruction", 31 0, v00000296ad7141c0_0;  alias, 1 drivers
v00000296ad713ea0_0 .net "ID_mem_re", 0 0, v00000296ad711170_0;  alias, 1 drivers
v00000296ad713e00_0 .net "ID_mem_we", 0 0, v00000296ad7148a0_0;  alias, 1 drivers
v00000296ad7134a0_0 .net "ID_rs1_PC_select", 0 0, v00000296ad714800_0;  alias, 1 drivers
v00000296ad713680_0 .net "ID_rs2_imm_select", 0 0, v00000296ad714300_0;  alias, 1 drivers
v00000296ad713fe0_0 .net "clean", 0 0, v00000296ad714620_0;  alias, 1 drivers
v00000296ad7139a0_0 .net "clk", 0 0, v00000296ad71f790_0;  alias, 1 drivers
v00000296ad713720_0 .net "rst_n", 0 0, v00000296ad71f830_0;  alias, 1 drivers
S_00000296ad715370 .scope module, "IF_ID" "IF_ID_regs" 5 55, 15 1 0, S_00000296ad6290b0;
 .timescale 0 0;
    .port_info 0 /INPUT 1 "clk";
    .port_info 1 /INPUT 1 "rst_n";
    .port_info 2 /INPUT 1 "Bubble";
    .port_info 3 /INPUT 1 "clean";
    .port_info 4 /INPUT 32 "IF_instruction";
    .port_info 5 /INPUT 32 "IF_PC_add4";
    .port_info 6 /OUTPUT 32 "ID_instruction";
    .port_info 7 /OUTPUT 32 "ID_PC_add4";
v00000296ad713400_0 .net "Bubble", 0 0, v00000296ad712250_0;  alias, 1 drivers
v00000296ad714120_0 .var "ID_PC_add4", 31 0;
v00000296ad7141c0_0 .var "ID_instruction", 31 0;
v00000296ad714580_0 .net "IF_PC_add4", 31 0, L_00000296ad71fd30;  alias, 1 drivers
v00000296ad714a80_0 .net "IF_instruction", 31 0, v00000296ad718610_0;  alias, 1 drivers
v00000296ad714b20_0 .net "clean", 0 0, v00000296ad714620_0;  alias, 1 drivers
v00000296ad714bc0_0 .net "clk", 0 0, v00000296ad71f790_0;  alias, 1 drivers
v00000296ad714260_0 .net "rst_n", 0 0, v00000296ad71f830_0;  alias, 1 drivers
S_00000296ad7151e0 .scope module, "JCU" "JumpCtrlUnion" 5 201, 16 1 0, S_00000296ad6290b0;
 .timescale 0 0;
    .port_info 0 /INPUT 32 "instruction";
    .port_info 1 /INPUT 1 "ALU_Zero";
    .port_info 2 /INPUT 32 "ALU_Result";
    .port_info 3 /INPUT 32 "PC";
    .port_info 4 /INPUT 32 "imm";
    .port_info 5 /INPUT 32 "PC_predict";
    .port_info 6 /OUTPUT 1 "jump";
    .port_info 7 /OUTPUT 1 "is_JBtype";
    .port_info 8 /OUTPUT 1 "PC_update";
    .port_info 9 /OUTPUT 1 "clean";
    .port_info 10 /OUTPUT 32 "jump_dist";
P_00000296ad715500 .param/l "B_type" 1 11 6, C4<1100011>;
P_00000296ad715538 .param/l "I_type_ARITH" 1 11 2, C4<0010011>;
P_00000296ad715570 .param/l "I_type_JALR" 1 11 4, C4<1100111>;
P_00000296ad7155a8 .param/l "I_type_LOAD" 1 11 3, C4<0000011>;
P_00000296ad7155e0 .param/l "J_type" 1 11 7, C4<1101111>;
P_00000296ad715618 .param/l "R_type" 1 11 1, C4<0110011>;
P_00000296ad715650 .param/l "S_type" 1 11 5, C4<0100011>;
v00000296ad7143a0_0 .net "ALU_Result", 31 0, v00000296ad680ac0_0;  alias, 1 drivers
v00000296ad714ee0_0 .net "ALU_Zero", 0 0, v00000296ad6814c0_0;  alias, 1 drivers
v00000296ad714440_0 .net "PC", 31 0, L_00000296ad77a800;  alias, 1 drivers
v00000296ad714c60_0 .net "PC_predict", 31 0, L_00000296ad77a940;  alias, 1 drivers
v00000296ad714e40_0 .var "PC_update", 0 0;
v00000296ad714620_0 .var "clean", 0 0;
v00000296ad713900_0 .net "funct3", 2 0, L_00000296ad779fe0;  1 drivers
v00000296ad7130e0_0 .net "imm", 31 0, v00000296ad714940_0;  alias, 1 drivers
v00000296ad714760_0 .net "instruction", 31 0, v00000296ad7144e0_0;  alias, 1 drivers
v00000296ad7137c0_0 .var "is_JBtype", 0 0;
v00000296ad713a40_0 .var "jump", 0 0;
v00000296ad7167e0_0 .var "jump_dist", 31 0;
v00000296ad717aa0_0 .net "opcode", 6 0, L_00000296ad77a4e0;  1 drivers
E_00000296ad6a42f0/0 .event anyedge, v00000296ad65b9b0_0, v00000296ad7112b0_0, v00000296ad714c60_0, v00000296ad7167e0_0;
E_00000296ad6a42f0/1 .event anyedge, v00000296ad65beb0_0;
E_00000296ad6a42f0 .event/or E_00000296ad6a42f0/0, E_00000296ad6a42f0/1;
E_00000296ad6a4030/0 .event anyedge, v00000296ad717aa0_0, v00000296ad680ac0_0, v00000296ad713900_0, v00000296ad6814c0_0;
E_00000296ad6a4030/1 .event anyedge, v00000296ad65beb0_0, v00000296ad711fd0_0;
E_00000296ad6a4030 .event/or E_00000296ad6a4030/0, E_00000296ad6a4030/1;
L_00000296ad77a4e0 .part v00000296ad7144e0_0, 0, 7;
L_00000296ad779fe0 .part v00000296ad7144e0_0, 12, 3;
S_00000296ad715e60 .scope module, "MEM_WB" "MEM_WB_regs" 5 263, 17 1 0, S_00000296ad6290b0;
 .timescale 0 0;
    .port_info 0 /INPUT 1 "clk";
    .port_info 1 /INPUT 1 "rst_n";
    .port_info 2 /INPUT 1 "Bubble";
    .port_info 3 /INPUT 32 "MEM_PC_add4";
    .port_info 4 /OUTPUT 32 "WB_PC_add4";
    .port_info 5 /INPUT 32 "MEM_instruction";
    .port_info 6 /OUTPUT 32 "WB_instruction";
    .port_info 7 /INPUT 32 "MEM_Result";
    .port_info 8 /OUTPUT 32 "WB_Result";
    .port_info 9 /INPUT 32 "MEM_LOAD_data";
    .port_info 10 /OUTPUT 32 "WB_LOAD_data";
v00000296ad716880_0 .net "Bubble", 0 0, v00000296ad712250_0;  alias, 1 drivers
v00000296ad717a00_0 .net "MEM_LOAD_data", 31 0, v00000296ad717c80_0;  alias, 1 drivers
v00000296ad717b40_0 .net "MEM_PC_add4", 31 0, v00000296ad712110_0;  alias, 1 drivers
v00000296ad7162e0_0 .net "MEM_Result", 31 0, v00000296ad711c10_0;  alias, 1 drivers
v00000296ad7171e0_0 .net "MEM_instruction", 31 0, v00000296ad712610_0;  alias, 1 drivers
v00000296ad7178c0_0 .var "WB_LOAD_data", 31 0;
v00000296ad7173c0_0 .var "WB_PC_add4", 31 0;
v00000296ad717f00_0 .var "WB_Result", 31 0;
v00000296ad717640_0 .var "WB_instruction", 31 0;
v00000296ad717be0_0 .net "clk", 0 0, v00000296ad71f790_0;  alias, 1 drivers
v00000296ad716560_0 .net "rst_n", 0 0, v00000296ad71f830_0;  alias, 1 drivers
S_00000296ad715050 .scope module, "PC_sub4" "SUBB4" 5 174, 18 1 0, S_00000296ad6290b0;
 .timescale 0 0;
    .port_info 0 /INPUT 32 "in";
    .port_info 1 /OUTPUT 32 "out";
L_00000296ad7212b8 .functor BUFT 1, C4<00000000000000000000000000000100>, C4<0>, C4<0>, C4<0>;
v00000296ad716920_0 .net/2u *"_ivl_0", 31 0, L_00000296ad7212b8;  1 drivers
v00000296ad7176e0_0 .net "in", 31 0, v00000296ad713540_0;  alias, 1 drivers
v00000296ad716380_0 .net "out", 31 0, L_00000296ad77a800;  alias, 1 drivers
L_00000296ad77a800 .arith/sub 32, v00000296ad713540_0, L_00000296ad7212b8;
S_00000296ad715820 .scope module, "RAM" "RAM" 5 248, 19 3 0, S_00000296ad6290b0;
 .timescale 0 0;
    .port_info 0 /INPUT 1 "clk";
    .port_info 1 /INPUT 1 "rst_n";
    .port_info 2 /INPUT 32 "addr";
    .port_info 3 /INPUT 1 "cs";
    .port_info 4 /INPUT 1 "mem_re";
    .port_info 5 /OUTPUT 32 "mem_rdata";
    .port_info 6 /INPUT 1 "mem_we";
    .port_info 7 /INPUT 32 "mem_wdata";
    .port_info 8 /OUTPUT 32 "ram_0x00";
    .port_info 9 /OUTPUT 32 "ram_0x01";
    .port_info 10 /OUTPUT 32 "ram_0x02";
    .port_info 11 /OUTPUT 32 "ram_0x03";
    .port_info 12 /OUTPUT 32 "ram_0x04";
    .port_info 13 /OUTPUT 32 "ram_0x05";
    .port_info 14 /OUTPUT 32 "ram_0x06";
    .port_info 15 /OUTPUT 32 "ram_0x07";
    .port_info 16 /OUTPUT 32 "ram_0x08";
    .port_info 17 /OUTPUT 32 "ram_0x09";
    .port_info 18 /OUTPUT 32 "ram_0x0a";
v00000296ad717500_0 .array/port v00000296ad717500, 0;
L_00000296ad6312f0 .functor BUFZ 32, v00000296ad717500_0, C4<00000000000000000000000000000000>, C4<00000000000000000000000000000000>, C4<00000000000000000000000000000000>;
v00000296ad717500_1 .array/port v00000296ad717500, 1;
L_00000296ad631360 .functor BUFZ 32, v00000296ad717500_1, C4<00000000000000000000000000000000>, C4<00000000000000000000000000000000>, C4<00000000000000000000000000000000>;
v00000296ad717500_2 .array/port v00000296ad717500, 2;
L_00000296ad6314b0 .functor BUFZ 32, v00000296ad717500_2, C4<00000000000000000000000000000000>, C4<00000000000000000000000000000000>, C4<00000000000000000000000000000000>;
v00000296ad717500_3 .array/port v00000296ad717500, 3;
L_00000296ad6313d0 .functor BUFZ 32, v00000296ad717500_3, C4<00000000000000000000000000000000>, C4<00000000000000000000000000000000>, C4<00000000000000000000000000000000>;
v00000296ad717500_4 .array/port v00000296ad717500, 4;
L_00000296ad6311a0 .functor BUFZ 32, v00000296ad717500_4, C4<00000000000000000000000000000000>, C4<00000000000000000000000000000000>, C4<00000000000000000000000000000000>;
v00000296ad717500_5 .array/port v00000296ad717500, 5;
L_00000296ad251d70 .functor BUFZ 32, v00000296ad717500_5, C4<00000000000000000000000000000000>, C4<00000000000000000000000000000000>, C4<00000000000000000000000000000000>;
v00000296ad717500_6 .array/port v00000296ad717500, 6;
L_00000296ad77b470 .functor BUFZ 32, v00000296ad717500_6, C4<00000000000000000000000000000000>, C4<00000000000000000000000000000000>, C4<00000000000000000000000000000000>;
v00000296ad717500_7 .array/port v00000296ad717500, 7;
L_00000296ad77bf60 .functor BUFZ 32, v00000296ad717500_7, C4<00000000000000000000000000000000>, C4<00000000000000000000000000000000>, C4<00000000000000000000000000000000>;
v00000296ad717500_8 .array/port v00000296ad717500, 8;
L_00000296ad77c3c0 .functor BUFZ 32, v00000296ad717500_8, C4<00000000000000000000000000000000>, C4<00000000000000000000000000000000>, C4<00000000000000000000000000000000>;
v00000296ad717500_9 .array/port v00000296ad717500, 9;
L_00000296ad77cc80 .functor BUFZ 32, v00000296ad717500_9, C4<00000000000000000000000000000000>, C4<00000000000000000000000000000000>, C4<00000000000000000000000000000000>;
v00000296ad717500_10 .array/port v00000296ad717500, 10;
L_00000296ad77c900 .functor BUFZ 32, v00000296ad717500_10, C4<00000000000000000000000000000000>, C4<00000000000000000000000000000000>, C4<00000000000000000000000000000000>;
v00000296ad7169c0_0 .net "addr", 31 0, v00000296ad711c10_0;  alias, 1 drivers
v00000296ad717960_0 .net "clk", 0 0, v00000296ad71f790_0;  alias, 1 drivers
L_00000296ad721300 .functor BUFT 1, C4<0>, C4<0>, C4<0>, C4<0>;
v00000296ad7170a0_0 .net "cs", 0 0, L_00000296ad721300;  1 drivers
v00000296ad716a60_0 .var/i "cycle_count", 31 0;
v00000296ad7166a0_0 .var "i", 7 0;
v00000296ad717d20_0 .var/i "m", 31 0;
v00000296ad717c80_0 .var "mem_rdata", 31 0;
v00000296ad716ce0_0 .net "mem_re", 0 0, v00000296ad712070_0;  alias, 1 drivers
v00000296ad717dc0_0 .net "mem_wdata", 31 0, v00000296ad7121b0_0;  alias, 1 drivers
v00000296ad717460_0 .net "mem_we", 0 0, v00000296ad712750_0;  alias, 1 drivers
v00000296ad717500 .array "ram", 255 0, 31 0;
v00000296ad717e60_0 .net "ram_0x00", 31 0, L_00000296ad6312f0;  1 drivers
v00000296ad716ba0_0 .net "ram_0x01", 31 0, L_00000296ad631360;  1 drivers
v00000296ad7164c0_0 .net "ram_0x02", 31 0, L_00000296ad6314b0;  1 drivers
v00000296ad716060_0 .net "ram_0x03", 31 0, L_00000296ad6313d0;  1 drivers
v00000296ad716c40_0 .net "ram_0x04", 31 0, L_00000296ad6311a0;  1 drivers
v00000296ad716b00_0 .net "ram_0x05", 31 0, L_00000296ad251d70;  1 drivers
v00000296ad716d80_0 .net "ram_0x06", 31 0, L_00000296ad77b470;  1 drivers
v00000296ad7161a0_0 .net "ram_0x07", 31 0, L_00000296ad77bf60;  1 drivers
v00000296ad7175a0_0 .net "ram_0x08", 31 0, L_00000296ad77c3c0;  1 drivers
v00000296ad716100_0 .net "ram_0x09", 31 0, L_00000296ad77cc80;  1 drivers
v00000296ad717780_0 .net "ram_0x0a", 31 0, L_00000296ad77c900;  1 drivers
v00000296ad716740_0 .var/i "ram_file", 31 0;
v00000296ad716240_0 .net "rst_n", 0 0, v00000296ad71f830_0;  alias, 1 drivers
E_00000296ad6a3c70 .event negedge, v00000296ad711350_0, v00000296ad65b910_0;
S_00000296ad715690 .scope module, "RF" "RegisterFile" 5 95, 20 8 0, S_00000296ad6290b0;
 .timescale 0 0;
    .port_info 0 /INPUT 1 "clk";
    .port_info 1 /INPUT 1 "rst_n";
    .port_info 2 /INPUT 5 "rs1";
    .port_info 3 /OUTPUT 32 "rdata1";
    .port_info 4 /INPUT 5 "rs2";
    .port_info 5 /OUTPUT 32 "rdata2";
    .port_info 6 /INPUT 1 "we";
    .port_info 7 /INPUT 5 "waddr";
    .port_info 8 /INPUT 32 "wdata";
    .port_info 9 /OUTPUT 32 "x_0";
    .port_info 10 /OUTPUT 32 "x_1";
    .port_info 11 /OUTPUT 32 "x_2";
    .port_info 12 /OUTPUT 32 "x_3";
    .port_info 13 /OUTPUT 32 "x_4";
    .port_info 14 /OUTPUT 32 "x_5";
    .port_info 15 /OUTPUT 32 "x_6";
    .port_info 16 /OUTPUT 32 "x_7";
    .port_info 17 /OUTPUT 32 "x_8";
    .port_info 18 /OUTPUT 32 "x_9";
v00000296ad716f60_0 .array/port v00000296ad716f60, 0;
L_00000296ad62f610 .functor BUFZ 32, v00000296ad716f60_0, C4<00000000000000000000000000000000>, C4<00000000000000000000000000000000>, C4<00000000000000000000000000000000>;
v00000296ad716f60_1 .array/port v00000296ad716f60, 1;
L_00000296ad6301e0 .functor BUFZ 32, v00000296ad716f60_1, C4<00000000000000000000000000000000>, C4<00000000000000000000000000000000>, C4<00000000000000000000000000000000>;
v00000296ad716f60_2 .array/port v00000296ad716f60, 2;
L_00000296ad62f990 .functor BUFZ 32, v00000296ad716f60_2, C4<00000000000000000000000000000000>, C4<00000000000000000000000000000000>, C4<00000000000000000000000000000000>;
v00000296ad716f60_3 .array/port v00000296ad716f60, 3;
L_00000296ad62ff40 .functor BUFZ 32, v00000296ad716f60_3, C4<00000000000000000000000000000000>, C4<00000000000000000000000000000000>, C4<00000000000000000000000000000000>;
v00000296ad716f60_4 .array/port v00000296ad716f60, 4;
L_00000296ad62fbc0 .functor BUFZ 32, v00000296ad716f60_4, C4<00000000000000000000000000000000>, C4<00000000000000000000000000000000>, C4<00000000000000000000000000000000>;
v00000296ad716f60_5 .array/port v00000296ad716f60, 5;
L_00000296ad62fdf0 .functor BUFZ 32, v00000296ad716f60_5, C4<00000000000000000000000000000000>, C4<00000000000000000000000000000000>, C4<00000000000000000000000000000000>;
v00000296ad716f60_6 .array/port v00000296ad716f60, 6;
L_00000296ad62ffb0 .functor BUFZ 32, v00000296ad716f60_6, C4<00000000000000000000000000000000>, C4<00000000000000000000000000000000>, C4<00000000000000000000000000000000>;
v00000296ad716f60_7 .array/port v00000296ad716f60, 7;
L_00000296ad631210 .functor BUFZ 32, v00000296ad716f60_7, C4<00000000000000000000000000000000>, C4<00000000000000000000000000000000>, C4<00000000000000000000000000000000>;
v00000296ad716f60_8 .array/port v00000296ad716f60, 8;
L_00000296ad631280 .functor BUFZ 32, v00000296ad716f60_8, C4<00000000000000000000000000000000>, C4<00000000000000000000000000000000>, C4<00000000000000000000000000000000>;
v00000296ad716f60_9 .array/port v00000296ad716f60, 9;
L_00000296ad631440 .functor BUFZ 32, v00000296ad716f60_9, C4<00000000000000000000000000000000>, C4<00000000000000000000000000000000>, C4<00000000000000000000000000000000>;
v00000296ad717320_0 .net "clk", 0 0, v00000296ad71f790_0;  alias, 1 drivers
v00000296ad716e20_0 .var/i "cycle_count", 31 0;
v00000296ad717140_0 .var/i "i", 31 0;
v00000296ad717820_0 .var "rdata1", 31 0;
v00000296ad716600_0 .var "rdata2", 31 0;
v00000296ad716ec0_0 .var/i "reg_file", 31 0;
v00000296ad716f60 .array "registers", 31 0, 31 0;
v00000296ad717000_0 .net "rs1", 4 0, v00000296ad713220_0;  alias, 1 drivers
v00000296ad7198d0_0 .net "rs2", 4 0, v00000296ad713b80_0;  alias, 1 drivers
v00000296ad719d30_0 .net "rst_n", 0 0, v00000296ad71f830_0;  alias, 1 drivers
v00000296ad7187f0_0 .net "waddr", 4 0, v00000296ad718390_0;  alias, 1 drivers
v00000296ad719a10_0 .net "wdata", 31 0, v00000296ad7186b0_0;  alias, 1 drivers
v00000296ad7190b0_0 .net "we", 0 0, v00000296ad719010_0;  alias, 1 drivers
v00000296ad718b10_0 .net "x_0", 31 0, L_00000296ad62f610;  1 drivers
v00000296ad7182f0_0 .net "x_1", 31 0, L_00000296ad6301e0;  1 drivers
v00000296ad7191f0_0 .net "x_2", 31 0, L_00000296ad62f990;  1 drivers
v00000296ad718930_0 .net "x_3", 31 0, L_00000296ad62ff40;  1 drivers
v00000296ad7193d0_0 .net "x_4", 31 0, L_00000296ad62fbc0;  1 drivers
v00000296ad719f10_0 .net "x_5", 31 0, L_00000296ad62fdf0;  1 drivers
v00000296ad719650_0 .net "x_6", 31 0, L_00000296ad62ffb0;  1 drivers
v00000296ad719e70_0 .net "x_7", 31 0, L_00000296ad631210;  1 drivers
v00000296ad719970_0 .net "x_8", 31 0, L_00000296ad631280;  1 drivers
v00000296ad719ab0_0 .net "x_9", 31 0, L_00000296ad631440;  1 drivers
E_00000296ad6a3bb0/0 .event anyedge, v00000296ad711350_0, v00000296ad713b80_0, v00000296ad7190b0_0, v00000296ad7187f0_0;
E_00000296ad6a3bb0/1 .event anyedge, v00000296ad719a10_0, v00000296ad716f60_0, v00000296ad716f60_1, v00000296ad716f60_2;
E_00000296ad6a3bb0/2 .event anyedge, v00000296ad716f60_3, v00000296ad716f60_4, v00000296ad716f60_5, v00000296ad716f60_6;
v00000296ad716f60_10 .array/port v00000296ad716f60, 10;
E_00000296ad6a3bb0/3 .event anyedge, v00000296ad716f60_7, v00000296ad716f60_8, v00000296ad716f60_9, v00000296ad716f60_10;
v00000296ad716f60_11 .array/port v00000296ad716f60, 11;
v00000296ad716f60_12 .array/port v00000296ad716f60, 12;
v00000296ad716f60_13 .array/port v00000296ad716f60, 13;
v00000296ad716f60_14 .array/port v00000296ad716f60, 14;
E_00000296ad6a3bb0/4 .event anyedge, v00000296ad716f60_11, v00000296ad716f60_12, v00000296ad716f60_13, v00000296ad716f60_14;
v00000296ad716f60_15 .array/port v00000296ad716f60, 15;
v00000296ad716f60_16 .array/port v00000296ad716f60, 16;
v00000296ad716f60_17 .array/port v00000296ad716f60, 17;
v00000296ad716f60_18 .array/port v00000296ad716f60, 18;
E_00000296ad6a3bb0/5 .event anyedge, v00000296ad716f60_15, v00000296ad716f60_16, v00000296ad716f60_17, v00000296ad716f60_18;
v00000296ad716f60_19 .array/port v00000296ad716f60, 19;
v00000296ad716f60_20 .array/port v00000296ad716f60, 20;
v00000296ad716f60_21 .array/port v00000296ad716f60, 21;
v00000296ad716f60_22 .array/port v00000296ad716f60, 22;
E_00000296ad6a3bb0/6 .event anyedge, v00000296ad716f60_19, v00000296ad716f60_20, v00000296ad716f60_21, v00000296ad716f60_22;
v00000296ad716f60_23 .array/port v00000296ad716f60, 23;
v00000296ad716f60_24 .array/port v00000296ad716f60, 24;
v00000296ad716f60_25 .array/port v00000296ad716f60, 25;
v00000296ad716f60_26 .array/port v00000296ad716f60, 26;
E_00000296ad6a3bb0/7 .event anyedge, v00000296ad716f60_23, v00000296ad716f60_24, v00000296ad716f60_25, v00000296ad716f60_26;
v00000296ad716f60_27 .array/port v00000296ad716f60, 27;
v00000296ad716f60_28 .array/port v00000296ad716f60, 28;
v00000296ad716f60_29 .array/port v00000296ad716f60, 29;
v00000296ad716f60_30 .array/port v00000296ad716f60, 30;
E_00000296ad6a3bb0/8 .event anyedge, v00000296ad716f60_27, v00000296ad716f60_28, v00000296ad716f60_29, v00000296ad716f60_30;
v00000296ad716f60_31 .array/port v00000296ad716f60, 31;
E_00000296ad6a3bb0/9 .event anyedge, v00000296ad716f60_31;
E_00000296ad6a3bb0 .event/or E_00000296ad6a3bb0/0, E_00000296ad6a3bb0/1, E_00000296ad6a3bb0/2, E_00000296ad6a3bb0/3, E_00000296ad6a3bb0/4, E_00000296ad6a3bb0/5, E_00000296ad6a3bb0/6, E_00000296ad6a3bb0/7, E_00000296ad6a3bb0/8, E_00000296ad6a3bb0/9;
E_00000296ad6a4230/0 .event anyedge, v00000296ad711350_0, v00000296ad713220_0, v00000296ad7190b0_0, v00000296ad7187f0_0;
E_00000296ad6a4230/1 .event anyedge, v00000296ad719a10_0, v00000296ad716f60_0, v00000296ad716f60_1, v00000296ad716f60_2;
E_00000296ad6a4230/2 .event anyedge, v00000296ad716f60_3, v00000296ad716f60_4, v00000296ad716f60_5, v00000296ad716f60_6;
E_00000296ad6a4230/3 .event anyedge, v00000296ad716f60_7, v00000296ad716f60_8, v00000296ad716f60_9, v00000296ad716f60_10;
E_00000296ad6a4230/4 .event anyedge, v00000296ad716f60_11, v00000296ad716f60_12, v00000296ad716f60_13, v00000296ad716f60_14;
E_00000296ad6a4230/5 .event anyedge, v00000296ad716f60_15, v00000296ad716f60_16, v00000296ad716f60_17, v00000296ad716f60_18;
E_00000296ad6a4230/6 .event anyedge, v00000296ad716f60_19, v00000296ad716f60_20, v00000296ad716f60_21, v00000296ad716f60_22;
E_00000296ad6a4230/7 .event anyedge, v00000296ad716f60_23, v00000296ad716f60_24, v00000296ad716f60_25, v00000296ad716f60_26;
E_00000296ad6a4230/8 .event anyedge, v00000296ad716f60_27, v00000296ad716f60_28, v00000296ad716f60_29, v00000296ad716f60_30;
E_00000296ad6a4230/9 .event anyedge, v00000296ad716f60_31;
E_00000296ad6a4230 .event/or E_00000296ad6a4230/0, E_00000296ad6a4230/1, E_00000296ad6a4230/2, E_00000296ad6a4230/3, E_00000296ad6a4230/4, E_00000296ad6a4230/5, E_00000296ad6a4230/6, E_00000296ad6a4230/7, E_00000296ad6a4230/8, E_00000296ad6a4230/9;
S_00000296ad7159b0 .scope module, "ROM" "ROM" 5 48, 21 1 0, S_00000296ad6290b0;
 .timescale 0 0;
    .port_info 0 /INPUT 32 "PC";
    .port_info 1 /OUTPUT 32 "instruction";
v00000296ad718570_0 .net "PC", 31 0, v00000296ad7184d0_0;  alias, 1 drivers
v00000296ad718610_0 .var "instruction", 31 0;
v00000296ad719150 .array "rom", 255 0, 31 0;
E_00000296ad6a3cf0 .event anyedge, v00000296ad718570_0;
S_00000296ad71c670 .scope module, "WBCL" "WritebackControlLogic" 5 282, 22 1 0, S_00000296ad6290b0;
 .timescale -9 -12;
    .port_info 0 /INPUT 32 "instruction";
    .port_info 1 /INPUT 32 "Result";
    .port_info 2 /INPUT 32 "LOAD_data";
    .port_info 3 /INPUT 32 "PC_add4";
    .port_info 4 /OUTPUT 32 "wdata";
    .port_info 5 /OUTPUT 5 "waddr";
    .port_info 6 /OUTPUT 1 "we";
P_00000296ad71c4e0 .param/l "B_type" 1 11 6, C4<1100011>;
P_00000296ad71c518 .param/l "I_type_ARITH" 1 11 2, C4<0010011>;
P_00000296ad71c550 .param/l "I_type_JALR" 1 11 4, C4<1100111>;
P_00000296ad71c588 .param/l "I_type_LOAD" 1 11 3, C4<0000011>;
P_00000296ad71c5c0 .param/l "J_type" 1 11 7, C4<1101111>;
P_00000296ad71c5f8 .param/l "R_type" 1 11 1, C4<0110011>;
P_00000296ad71c630 .param/l "S_type" 1 11 5, C4<0100011>;
v00000296ad719470_0 .net "LOAD_data", 31 0, v00000296ad7178c0_0;  alias, 1 drivers
v00000296ad719510_0 .net "PC_add4", 31 0, v00000296ad7173c0_0;  alias, 1 drivers
v00000296ad718cf0_0 .net "Result", 31 0, v00000296ad717f00_0;  alias, 1 drivers
v00000296ad719b50_0 .net "instruction", 31 0, v00000296ad717640_0;  alias, 1 drivers
v00000296ad718f70_0 .net "opcode", 6 0, L_00000296ad779c20;  1 drivers
v00000296ad719bf0_0 .net "rd", 4 0, L_00000296ad7790e0;  1 drivers
v00000296ad718390_0 .var "waddr", 4 0;
v00000296ad7186b0_0 .var "wdata", 31 0;
v00000296ad719010_0 .var "we", 0 0;
E_00000296ad6a3af0/0 .event anyedge, v00000296ad718f70_0, v00000296ad712cf0_0, v00000296ad719bf0_0, v00000296ad7178c0_0;
E_00000296ad6a3af0/1 .event anyedge, v00000296ad7173c0_0;
E_00000296ad6a3af0 .event/or E_00000296ad6a3af0/0, E_00000296ad6a3af0/1;
L_00000296ad779c20 .part v00000296ad717640_0, 0, 7;
L_00000296ad7790e0 .part v00000296ad717640_0, 7, 5;
S_00000296ad71cb20 .scope module, "jumpPCsub4" "SUBB4" 5 157, 18 1 0, S_00000296ad6290b0;
 .timescale 0 0;
    .port_info 0 /INPUT 32 "in";
    .port_info 1 /OUTPUT 32 "out";
L_00000296ad721270 .functor BUFT 1, C4<00000000000000000000000000000100>, C4<0>, C4<0>, C4<0>;
v00000296ad719c90_0 .net/2u *"_ivl_0", 31 0, L_00000296ad721270;  1 drivers
v00000296ad719dd0_0 .net "in", 31 0, v00000296ad713540_0;  alias, 1 drivers
v00000296ad718750_0 .net "out", 31 0, L_00000296ad77aee0;  alias, 1 drivers
L_00000296ad77aee0 .arith/sub 32, v00000296ad713540_0, L_00000296ad721270;
S_00000296ad71bd10 .scope module, "pc_btb" "PC_BTB" 5 34, 23 1 0, S_00000296ad6290b0;
 .timescale 0 0;
    .port_info 0 /INPUT 1 "clk";
    .port_info 1 /INPUT 1 "rst_n";
    .port_info 2 /INPUT 1 "Bubble";
    .port_info 3 /INPUT 1 "PC_update";
    .port_info 4 /INPUT 1 "serch_en";
    .port_info 5 /INPUT 32 "jump_PC";
    .port_info 6 /INPUT 32 "jump_dist";
    .port_info 7 /OUTPUT 32 "PC";
    .port_info 8 /OUTPUT 32 "PC_add4";
L_00000296ad62fed0 .functor AND 1, L_00000296ad720230, L_00000296ad779400, C4<1>, C4<1>;
L_00000296ad630a30 .functor AND 1, v00000296ad711ad0_0, L_00000296ad62fed0, C4<1>, C4<1>;
v00000296ad718430_0 .net "BTB_hit", 0 0, L_00000296ad62fed0;  1 drivers
v00000296ad718070_0 .net "Bubble", 0 0, v00000296ad712250_0;  alias, 1 drivers
v00000296ad7184d0_0 .var "PC", 31 0;
v00000296ad719290_0 .net "PC_add4", 31 0, L_00000296ad71fd30;  alias, 1 drivers
v00000296ad719330_0 .net "PC_tag", 21 0, L_00000296ad71fab0;  1 drivers
v00000296ad718a70_0 .net "PC_update", 0 0, v00000296ad714e40_0;  alias, 1 drivers
L_00000296ad721078 .functor BUFT 1, C4<00000000000000000000000000000100>, C4<0>, C4<0>, C4<0>;
v00000296ad718110_0 .net/2u *"_ivl_0", 31 0, L_00000296ad721078;  1 drivers
v00000296ad718c50_0 .net *"_ivl_10", 9 0, L_00000296ad720190;  1 drivers
L_00000296ad7210c0 .functor BUFT 1, C4<00>, C4<0>, C4<0>, C4<0>;
v00000296ad719830_0 .net *"_ivl_13", 1 0, L_00000296ad7210c0;  1 drivers
v00000296ad7189d0_0 .net *"_ivl_14", 0 0, L_00000296ad720230;  1 drivers
v00000296ad718e30_0 .net *"_ivl_16", 31 0, L_00000296ad720550;  1 drivers
v00000296ad718bb0_0 .net *"_ivl_18", 9 0, L_00000296ad779860;  1 drivers
L_00000296ad721108 .functor BUFT 1, C4<00>, C4<0>, C4<0>, C4<0>;
v00000296ad718ed0_0 .net *"_ivl_21", 1 0, L_00000296ad721108;  1 drivers
L_00000296ad721150 .functor BUFT 1, C4<00000000000000000000000000000000>, C4<0>, C4<0>, C4<0>;
v00000296ad718d90_0 .net/2u *"_ivl_22", 31 0, L_00000296ad721150;  1 drivers
v00000296ad7195b0_0 .net *"_ivl_24", 0 0, L_00000296ad779400;  1 drivers
v00000296ad7196f0_0 .net *"_ivl_29", 0 0, L_00000296ad630a30;  1 drivers
v00000296ad719790_0 .net *"_ivl_30", 31 0, L_00000296ad77ad00;  1 drivers
v00000296ad7181b0_0 .net *"_ivl_32", 9 0, L_00000296ad77ab20;  1 drivers
L_00000296ad721198 .functor BUFT 1, C4<00>, C4<0>, C4<0>, C4<0>;
v00000296ad717280_0 .net *"_ivl_35", 1 0, L_00000296ad721198;  1 drivers
L_00000296ad7211e0 .functor BUFT 1, C4<00000000000000000000000000000100>, C4<0>, C4<0>, C4<0>;
v00000296ad71eea0_0 .net/2u *"_ivl_36", 31 0, L_00000296ad7211e0;  1 drivers
v00000296ad71dfa0_0 .net *"_ivl_38", 31 0, L_00000296ad77aa80;  1 drivers
v00000296ad71d8c0_0 .net *"_ivl_40", 31 0, L_00000296ad779d60;  1 drivers
v00000296ad71e040_0 .net *"_ivl_8", 21 0, L_00000296ad71fdd0;  1 drivers
v00000296ad71ddc0_0 .net "clk", 0 0, v00000296ad71f790_0;  alias, 1 drivers
v00000296ad71dd20_0 .var/i "i", 31 0;
v00000296ad71de60_0 .net "index", 7 0, L_00000296ad71f970;  1 drivers
v00000296ad71e5e0_0 .net "jump_PC", 31 0, L_00000296ad77aee0;  alias, 1 drivers
v00000296ad71e860_0 .net "jump_dist", 31 0, v00000296ad7167e0_0;  alias, 1 drivers
v00000296ad71e900_0 .net "next_PC", 31 0, L_00000296ad77af80;  1 drivers
v00000296ad71e360_0 .net "rst_n", 0 0, v00000296ad71f830_0;  alias, 1 drivers
v00000296ad71d820_0 .net "serch_en", 0 0, v00000296ad711ad0_0;  alias, 1 drivers
v00000296ad71e0e0 .array "tag", 255 0, 21 0;
v00000296ad71e9a0 .array "target", 255 0, 31 0;
L_00000296ad71fd30 .arith/sum 32, v00000296ad7184d0_0, L_00000296ad721078;
L_00000296ad71f970 .part v00000296ad7184d0_0, 2, 8;
L_00000296ad71fab0 .part v00000296ad7184d0_0, 10, 22;
L_00000296ad71fdd0 .array/port v00000296ad71e0e0, L_00000296ad720190;
L_00000296ad720190 .concat [ 8 2 0 0], L_00000296ad71f970, L_00000296ad7210c0;
L_00000296ad720230 .cmp/eq 22, L_00000296ad71fdd0, L_00000296ad71fab0;
L_00000296ad720550 .array/port v00000296ad71e9a0, L_00000296ad779860;
L_00000296ad779860 .concat [ 8 2 0 0], L_00000296ad71f970, L_00000296ad721108;
L_00000296ad779400 .cmp/ne 32, L_00000296ad720550, L_00000296ad721150;
L_00000296ad77ad00 .array/port v00000296ad71e9a0, L_00000296ad77ab20;
L_00000296ad77ab20 .concat [ 8 2 0 0], L_00000296ad71f970, L_00000296ad721198;
L_00000296ad77aa80 .arith/sum 32, v00000296ad7184d0_0, L_00000296ad7211e0;
L_00000296ad779d60 .functor MUXZ 32, L_00000296ad77aa80, L_00000296ad77ad00, L_00000296ad630a30, C4<>;
L_00000296ad77af80 .functor MUXZ 32, L_00000296ad779d60, v00000296ad7167e0_0, v00000296ad714e40_0, C4<>;
S_00000296ad71b540 .scope module, "predicPCsub4" "SUBB4" 5 75, 18 1 0, S_00000296ad6290b0;
 .timescale 0 0;
    .port_info 0 /INPUT 32 "in";
    .port_info 1 /OUTPUT 32 "out";
L_00000296ad721228 .functor BUFT 1, C4<00000000000000000000000000000100>, C4<0>, C4<0>, C4<0>;
v00000296ad71d140_0 .net/2u *"_ivl_0", 31 0, L_00000296ad721228;  1 drivers
v00000296ad71df00_0 .net "in", 31 0, v00000296ad714120_0;  alias, 1 drivers
v00000296ad71e680_0 .net "out", 31 0, L_00000296ad77a940;  alias, 1 drivers
L_00000296ad77a940 .arith/sub 32, v00000296ad714120_0, L_00000296ad721228;
S_00000296ad71b860 .scope module, "rs1_data_MUX" "MUX" 5 162, 7 1 0, S_00000296ad6290b0;
 .timescale 0 0;
    .port_info 0 /INPUT 1 "select";
    .port_info 1 /INPUT 32 "in0";
    .port_info 2 /INPUT 32 "in1";
    .port_info 3 /OUTPUT 32 "out";
v00000296ad71d500_0 .net "in0", 31 0, v00000296ad713c20_0;  alias, 1 drivers
v00000296ad71db40_0 .net "in1", 31 0, v00000296ad712390_0;  alias, 1 drivers
v00000296ad71d3c0_0 .net "out", 31 0, L_00000296ad779ea0;  alias, 1 drivers
v00000296ad71e180_0 .net "select", 0 0, v00000296ad711710_0;  alias, 1 drivers
L_00000296ad779ea0 .functor MUXZ 32, v00000296ad713c20_0, v00000296ad712390_0, v00000296ad711710_0, C4<>;
S_00000296ad71c800 .scope module, "rs2_data_MUX" "MUX" 5 168, 7 1 0, S_00000296ad6290b0;
 .timescale 0 0;
    .port_info 0 /INPUT 1 "select";
    .port_info 1 /INPUT 32 "in0";
    .port_info 2 /INPUT 32 "in1";
    .port_info 3 /OUTPUT 32 "out";
v00000296ad71e720_0 .net "in0", 31 0, v00000296ad714d00_0;  alias, 1 drivers
v00000296ad71eb80_0 .net "in1", 31 0, v00000296ad711990_0;  alias, 1 drivers
v00000296ad71d0a0_0 .net "out", 31 0, L_00000296ad77ada0;  alias, 1 drivers
v00000296ad71d460_0 .net "select", 0 0, v00000296ad712e30_0;  alias, 1 drivers
L_00000296ad77ada0 .functor MUXZ 32, v00000296ad714d00_0, v00000296ad711990_0, v00000296ad712e30_0, C4<>;
    .scope S_00000296ad6c3cd0;
T_0 ;
    %wait E_00000296ad6a3ab0;
    %load/vec4 v00000296ad681740_0;
    %flag_set/vec4 8;
    %jmp/0xz  T_0.0, 8;
    %load/vec4 v00000296ad67fc60_0;
    %store/vec4 v00000296ad680f20_0, 0, 32;
    %jmp T_0.1;
T_0.0 ;
    %load/vec4 v00000296ad681560_0;
    %dup/vec4;
    %pushi/vec4 0, 0, 2;
    %cmp/u;
    %jmp/1 T_0.2, 6;
    %dup/vec4;
    %pushi/vec4 1, 0, 2;
    %cmp/u;
    %jmp/1 T_0.3, 6;
    %dup/vec4;
    %pushi/vec4 2, 0, 2;
    %cmp/u;
    %jmp/1 T_0.4, 6;
    %dup/vec4;
    %pushi/vec4 3, 0, 2;
    %cmp/u;
    %jmp/1 T_0.5, 6;
    %pushi/vec4 0, 0, 32;
    %store/vec4 v00000296ad680f20_0, 0, 32;
    %jmp T_0.7;
T_0.2 ;
    %load/vec4 v00000296ad6803e0_0;
    %store/vec4 v00000296ad680f20_0, 0, 32;
    %jmp T_0.7;
T_0.3 ;
    %load/vec4 v00000296ad6803e0_0;
    %store/vec4 v00000296ad680f20_0, 0, 32;
    %jmp T_0.7;
T_0.4 ;
    %load/vec4 v00000296ad6803e0_0;
    %store/vec4 v00000296ad680f20_0, 0, 32;
    %jmp T_0.7;
T_0.5 ;
    %load/vec4 v00000296ad680fc0_0;
    %subi 4, 0, 32;
    %store/vec4 v00000296ad680f20_0, 0, 32;
    %jmp T_0.7;
T_0.7 ;
    %pop/vec4 1;
T_0.1 ;
    %jmp T_0;
    .thread T_0, $push;
    .scope S_00000296ad2cdc20;
T_1 ;
    %wait E_00000296ad6a42b0;
    %load/vec4 v00000296ad680840_0;
    %flag_set/vec4 8;
    %jmp/0xz  T_1.0, 8;
    %load/vec4 v00000296ad6817e0_0;
    %store/vec4 v00000296ad680700_0, 0, 32;
    %jmp T_1.1;
T_1.0 ;
    %load/vec4 v00000296ad680520_0;
    %dup/vec4;
    %pushi/vec4 0, 0, 2;
    %cmp/u;
    %jmp/1 T_1.2, 6;
    %dup/vec4;
    %pushi/vec4 1, 0, 2;
    %cmp/u;
    %jmp/1 T_1.3, 6;
    %dup/vec4;
    %pushi/vec4 2, 0, 2;
    %cmp/u;
    %jmp/1 T_1.4, 6;
    %dup/vec4;
    %pushi/vec4 3, 0, 2;
    %cmp/u;
    %jmp/1 T_1.5, 6;
    %pushi/vec4 0, 0, 32;
    %store/vec4 v00000296ad680700_0, 0, 32;
    %jmp T_1.7;
T_1.2 ;
    %load/vec4 v00000296ad681100_0;
    %store/vec4 v00000296ad680700_0, 0, 32;
    %jmp T_1.7;
T_1.3 ;
    %load/vec4 v00000296ad681920_0;
    %store/vec4 v00000296ad680700_0, 0, 32;
    %jmp T_1.7;
T_1.4 ;
    %load/vec4 v00000296ad681100_0;
    %store/vec4 v00000296ad680700_0, 0, 32;
    %jmp T_1.7;
T_1.5 ;
    %load/vec4 v00000296ad681920_0;
    %store/vec4 v00000296ad680700_0, 0, 32;
    %jmp T_1.7;
T_1.7 ;
    %pop/vec4 1;
T_1.1 ;
    %jmp T_1;
    .thread T_1, $push;
    .scope S_00000296ad71bd10;
T_2 ;
    %wait E_00000296ad6a3770;
    %load/vec4 v00000296ad71e360_0;
    %nor/r;
    %flag_set/vec4 8;
    %jmp/0xz  T_2.0, 8;
    %pushi/vec4 0, 0, 32;
    %assign/vec4 v00000296ad7184d0_0, 0;
    %jmp T_2.1;
T_2.0 ;
    %load/vec4 v00000296ad718070_0;
    %nor/r;
    %flag_set/vec4 8;
    %jmp/0xz  T_2.2, 8;
    %load/vec4 v00000296ad71e900_0;
    %assign/vec4 v00000296ad7184d0_0, 0;
T_2.2 ;
T_2.1 ;
    %jmp T_2;
    .thread T_2;
    .scope S_00000296ad71bd10;
T_3 ;
    %wait E_00000296ad6a3770;
    %load/vec4 v00000296ad71e360_0;
    %nor/r;
    %flag_set/vec4 8;
    %jmp/0xz  T_3.0, 8;
    %pushi/vec4 0, 0, 32;
    %store/vec4 v00000296ad71dd20_0, 0, 32;
T_3.2 ;
    %load/vec4 v00000296ad71dd20_0;
    %cmpi/s 256, 0, 32;
    %jmp/0xz T_3.3, 5;
    %pushi/vec4 0, 0, 22;
    %ix/getv/s 3, v00000296ad71dd20_0;
    %ix/load 4, 0, 0; Constant delay
    %assign/vec4/a/d v00000296ad71e0e0, 0, 4;
    %pushi/vec4 0, 0, 32;
    %ix/getv/s 3, v00000296ad71dd20_0;
    %ix/load 4, 0, 0; Constant delay
    %assign/vec4/a/d v00000296ad71e9a0, 0, 4;
    %load/vec4 v00000296ad71dd20_0;
    %addi 1, 0, 32;
    %store/vec4 v00000296ad71dd20_0, 0, 32;
    %jmp T_3.2;
T_3.3 ;
    %jmp T_3.1;
T_3.0 ;
    %load/vec4 v00000296ad718a70_0;
    %flag_set/vec4 8;
    %jmp/0xz  T_3.4, 8;
    %load/vec4 v00000296ad71e5e0_0;
    %parti/s 22, 10, 5;
    %load/vec4 v00000296ad71e5e0_0;
    %parti/s 8, 2, 3;
    %pad/u 10;
    %ix/vec4 3;
    %ix/load 4, 0, 0; Constant delay
    %assign/vec4/a/d v00000296ad71e0e0, 0, 4;
    %load/vec4 v00000296ad71e860_0;
    %load/vec4 v00000296ad71e5e0_0;
    %parti/s 8, 2, 3;
    %pad/u 10;
    %ix/vec4 3;
    %ix/load 4, 0, 0; Constant delay
    %assign/vec4/a/d v00000296ad71e9a0, 0, 4;
T_3.4 ;
T_3.1 ;
    %jmp T_3;
    .thread T_3;
    .scope S_00000296ad7159b0;
T_4 ;
    %vpi_call 21 9 "$readmemh", "ROM_data.hex", v00000296ad719150, 32'sb00000000000000000000000000000000, 32'sb00000000000000000000000011111111 {0 0 0};
    %end;
    .thread T_4;
    .scope S_00000296ad7159b0;
T_5 ;
    %wait E_00000296ad6a3cf0;
    %load/vec4 v00000296ad718570_0;
    %pushi/vec4 4, 0, 32;
    %div;
    %ix/vec4 4;
    %load/vec4a v00000296ad719150, 4;
    %store/vec4 v00000296ad718610_0, 0, 32;
    %jmp T_5;
    .thread T_5, $push;
    .scope S_00000296ad715370;
T_6 ;
    %wait E_00000296ad6a3770;
    %load/vec4 v00000296ad714260_0;
    %nor/r;
    %flag_set/vec4 8;
    %jmp/0xz  T_6.0, 8;
    %pushi/vec4 0, 0, 32;
    %assign/vec4 v00000296ad7141c0_0, 0;
    %pushi/vec4 0, 0, 32;
    %assign/vec4 v00000296ad714120_0, 0;
    %jmp T_6.1;
T_6.0 ;
    %load/vec4 v00000296ad713400_0;
    %nor/r;
    %flag_set/vec4 8;
    %jmp/0xz  T_6.2, 8;
    %load/vec4 v00000296ad714b20_0;
    %flag_set/vec4 8;
    %jmp/0xz  T_6.4, 8;
    %pushi/vec4 0, 0, 32;
    %assign/vec4 v00000296ad7141c0_0, 0;
    %pushi/vec4 0, 0, 32;
    %assign/vec4 v00000296ad714120_0, 0;
    %jmp T_6.5;
T_6.4 ;
    %load/vec4 v00000296ad714a80_0;
    %assign/vec4 v00000296ad7141c0_0, 0;
    %load/vec4 v00000296ad714580_0;
    %assign/vec4 v00000296ad714120_0, 0;
T_6.5 ;
T_6.2 ;
T_6.1 ;
    %jmp T_6;
    .thread T_6;
    .scope S_00000296ad2a0150;
T_7 ;
    %wait E_00000296ad6a46b0;
    %load/vec4 v00000296ad714080_0;
    %dup/vec4;
    %pushi/vec4 51, 0, 7;
    %cmp/u;
    %jmp/1 T_7.0, 6;
    %dup/vec4;
    %pushi/vec4 19, 0, 7;
    %cmp/u;
    %jmp/1 T_7.1, 6;
    %dup/vec4;
    %pushi/vec4 3, 0, 7;
    %cmp/u;
    %jmp/1 T_7.2, 6;
    %dup/vec4;
    %pushi/vec4 35, 0, 7;
    %cmp/u;
    %jmp/1 T_7.3, 6;
    %dup/vec4;
    %pushi/vec4 99, 0, 7;
    %cmp/u;
    %jmp/1 T_7.4, 6;
    %dup/vec4;
    %pushi/vec4 111, 0, 7;
    %cmp/u;
    %jmp/1 T_7.5, 6;
    %dup/vec4;
    %pushi/vec4 103, 0, 7;
    %cmp/u;
    %jmp/1 T_7.6, 6;
    %pushi/vec4 0, 0, 5;
    %store/vec4 v00000296ad713220_0, 0, 5;
    %pushi/vec4 0, 0, 5;
    %store/vec4 v00000296ad713b80_0, 0, 5;
    %pushi/vec4 0, 0, 32;
    %store/vec4 v00000296ad711030_0, 0, 32;
    %pushi/vec4 0, 0, 1;
    %store/vec4 v00000296ad714800_0, 0, 1;
    %pushi/vec4 0, 0, 1;
    %store/vec4 v00000296ad714300_0, 0, 1;
    %pushi/vec4 0, 0, 4;
    %store/vec4 v00000296ad711df0_0, 0, 4;
    %pushi/vec4 0, 0, 5;
    %store/vec4 v00000296ad713180_0, 0, 5;
    %pushi/vec4 0, 0, 1;
    %store/vec4 v00000296ad711170_0, 0, 1;
    %pushi/vec4 0, 0, 1;
    %store/vec4 v00000296ad7148a0_0, 0, 1;
    %jmp T_7.8;
T_7.0 ;
    %load/vec4 v00000296ad7110d0_0;
    %parti/s 5, 15, 5;
    %store/vec4 v00000296ad713220_0, 0, 5;
    %load/vec4 v00000296ad7110d0_0;
    %parti/s 5, 20, 6;
    %store/vec4 v00000296ad713b80_0, 0, 5;
    %load/vec4 v00000296ad7110d0_0;
    %parti/s 5, 7, 4;
    %store/vec4 v00000296ad713180_0, 0, 5;
    %pushi/vec4 0, 0, 32;
    %store/vec4 v00000296ad711030_0, 0, 32;
    %pushi/vec4 0, 0, 1;
    %store/vec4 v00000296ad714800_0, 0, 1;
    %pushi/vec4 0, 0, 1;
    %store/vec4 v00000296ad714300_0, 0, 1;
    %pushi/vec4 0, 0, 1;
    %store/vec4 v00000296ad711170_0, 0, 1;
    %pushi/vec4 0, 0, 1;
    %store/vec4 v00000296ad7148a0_0, 0, 1;
    %load/vec4 v00000296ad712430_0;
    %dup/vec4;
    %pushi/vec4 0, 0, 3;
    %cmp/u;
    %jmp/1 T_7.9, 6;
    %dup/vec4;
    %pushi/vec4 1, 0, 3;
    %cmp/u;
    %jmp/1 T_7.10, 6;
    %dup/vec4;
    %pushi/vec4 2, 0, 3;
    %cmp/u;
    %jmp/1 T_7.11, 6;
    %dup/vec4;
    %pushi/vec4 3, 0, 3;
    %cmp/u;
    %jmp/1 T_7.12, 6;
    %dup/vec4;
    %pushi/vec4 4, 0, 3;
    %cmp/u;
    %jmp/1 T_7.13, 6;
    %dup/vec4;
    %pushi/vec4 5, 0, 3;
    %cmp/u;
    %jmp/1 T_7.14, 6;
    %dup/vec4;
    %pushi/vec4 6, 0, 3;
    %cmp/u;
    %jmp/1 T_7.15, 6;
    %dup/vec4;
    %pushi/vec4 7, 0, 3;
    %cmp/u;
    %jmp/1 T_7.16, 6;
    %pushi/vec4 0, 0, 4;
    %store/vec4 v00000296ad711df0_0, 0, 4;
    %jmp T_7.18;
T_7.9 ;
    %load/vec4 v00000296ad712ed0_0;
    %parti/s 1, 5, 4;
    %flag_set/vec4 8;
    %jmp/0 T_7.19, 8;
    %pushi/vec4 1, 0, 4;
    %jmp/1 T_7.20, 8;
T_7.19 ; End of true expr.
    %pushi/vec4 0, 0, 4;
    %jmp/0 T_7.20, 8;
 ; End of false expr.
    %blend;
T_7.20;
    %store/vec4 v00000296ad711df0_0, 0, 4;
    %jmp T_7.18;
T_7.10 ;
    %pushi/vec4 7, 0, 4;
    %store/vec4 v00000296ad711df0_0, 0, 4;
    %jmp T_7.18;
T_7.11 ;
    %pushi/vec4 1, 0, 4;
    %store/vec4 v00000296ad711df0_0, 0, 4;
    %jmp T_7.18;
T_7.12 ;
    %pushi/vec4 1, 0, 4;
    %store/vec4 v00000296ad711df0_0, 0, 4;
    %jmp T_7.18;
T_7.13 ;
    %pushi/vec4 4, 0, 4;
    %store/vec4 v00000296ad711df0_0, 0, 4;
    %jmp T_7.18;
T_7.14 ;
    %load/vec4 v00000296ad712ed0_0;
    %parti/s 1, 5, 4;
    %flag_set/vec4 8;
    %jmp/0 T_7.21, 8;
    %pushi/vec4 9, 0, 4;
    %jmp/1 T_7.22, 8;
T_7.21 ; End of true expr.
    %pushi/vec4 8, 0, 4;
    %jmp/0 T_7.22, 8;
 ; End of false expr.
    %blend;
T_7.22;
    %store/vec4 v00000296ad711df0_0, 0, 4;
    %jmp T_7.18;
T_7.15 ;
    %pushi/vec4 3, 0, 4;
    %store/vec4 v00000296ad711df0_0, 0, 4;
    %jmp T_7.18;
T_7.16 ;
    %pushi/vec4 2, 0, 4;
    %store/vec4 v00000296ad711df0_0, 0, 4;
    %jmp T_7.18;
T_7.18 ;
    %pop/vec4 1;
    %jmp T_7.8;
T_7.1 ;
    %load/vec4 v00000296ad7110d0_0;
    %parti/s 5, 15, 5;
    %store/vec4 v00000296ad713220_0, 0, 5;
    %pushi/vec4 0, 0, 5;
    %store/vec4 v00000296ad713b80_0, 0, 5;
    %load/vec4 v00000296ad7110d0_0;
    %parti/s 5, 7, 4;
    %store/vec4 v00000296ad713180_0, 0, 5;
    %pushi/vec4 0, 0, 1;
    %store/vec4 v00000296ad714800_0, 0, 1;
    %pushi/vec4 1, 0, 1;
    %store/vec4 v00000296ad714300_0, 0, 1;
    %load/vec4 v00000296ad7110d0_0;
    %parti/s 1, 31, 6;
    %replicate 20;
    %load/vec4 v00000296ad7110d0_0;
    %parti/s 12, 20, 6;
    %concat/vec4; draw_concat_vec4
    %store/vec4 v00000296ad711030_0, 0, 32;
    %pushi/vec4 0, 0, 1;
    %store/vec4 v00000296ad711170_0, 0, 1;
    %pushi/vec4 0, 0, 1;
    %store/vec4 v00000296ad7148a0_0, 0, 1;
    %load/vec4 v00000296ad712430_0;
    %dup/vec4;
    %pushi/vec4 0, 0, 3;
    %cmp/u;
    %jmp/1 T_7.23, 6;
    %dup/vec4;
    %pushi/vec4 1, 0, 3;
    %cmp/u;
    %jmp/1 T_7.24, 6;
    %dup/vec4;
    %pushi/vec4 2, 0, 3;
    %cmp/u;
    %jmp/1 T_7.25, 6;
    %dup/vec4;
    %pushi/vec4 3, 0, 3;
    %cmp/u;
    %jmp/1 T_7.26, 6;
    %dup/vec4;
    %pushi/vec4 4, 0, 3;
    %cmp/u;
    %jmp/1 T_7.27, 6;
    %dup/vec4;
    %pushi/vec4 5, 0, 3;
    %cmp/u;
    %jmp/1 T_7.28, 6;
    %dup/vec4;
    %pushi/vec4 6, 0, 3;
    %cmp/u;
    %jmp/1 T_7.29, 6;
    %dup/vec4;
    %pushi/vec4 7, 0, 3;
    %cmp/u;
    %jmp/1 T_7.30, 6;
    %pushi/vec4 0, 0, 4;
    %store/vec4 v00000296ad711df0_0, 0, 4;
    %jmp T_7.32;
T_7.23 ;
    %pushi/vec4 0, 0, 4;
    %store/vec4 v00000296ad711df0_0, 0, 4;
    %jmp T_7.32;
T_7.24 ;
    %pushi/vec4 7, 0, 4;
    %store/vec4 v00000296ad711df0_0, 0, 4;
    %jmp T_7.32;
T_7.25 ;
    %pushi/vec4 1, 0, 4;
    %store/vec4 v00000296ad711df0_0, 0, 4;
    %jmp T_7.32;
T_7.26 ;
    %pushi/vec4 1, 0, 4;
    %store/vec4 v00000296ad711df0_0, 0, 4;
    %jmp T_7.32;
T_7.27 ;
    %pushi/vec4 4, 0, 4;
    %store/vec4 v00000296ad711df0_0, 0, 4;
    %jmp T_7.32;
T_7.28 ;
    %load/vec4 v00000296ad712ed0_0;
    %parti/s 1, 5, 4;
    %flag_set/vec4 8;
    %jmp/0 T_7.33, 8;
    %pushi/vec4 9, 0, 4;
    %jmp/1 T_7.34, 8;
T_7.33 ; End of true expr.
    %pushi/vec4 8, 0, 4;
    %jmp/0 T_7.34, 8;
 ; End of false expr.
    %blend;
T_7.34;
    %store/vec4 v00000296ad711df0_0, 0, 4;
    %jmp T_7.32;
T_7.29 ;
    %pushi/vec4 3, 0, 4;
    %store/vec4 v00000296ad711df0_0, 0, 4;
    %jmp T_7.32;
T_7.30 ;
    %pushi/vec4 2, 0, 4;
    %store/vec4 v00000296ad711df0_0, 0, 4;
    %jmp T_7.32;
T_7.32 ;
    %pop/vec4 1;
    %jmp T_7.8;
T_7.2 ;
    %load/vec4 v00000296ad712430_0;
    %cmpi/e 2, 0, 3;
    %jmp/0xz  T_7.35, 4;
    %load/vec4 v00000296ad7110d0_0;
    %parti/s 5, 15, 5;
    %store/vec4 v00000296ad713220_0, 0, 5;
    %pushi/vec4 0, 0, 5;
    %store/vec4 v00000296ad713b80_0, 0, 5;
    %load/vec4 v00000296ad7110d0_0;
    %parti/s 5, 7, 4;
    %store/vec4 v00000296ad713180_0, 0, 5;
    %pushi/vec4 0, 0, 1;
    %store/vec4 v00000296ad714800_0, 0, 1;
    %pushi/vec4 1, 0, 1;
    %store/vec4 v00000296ad714300_0, 0, 1;
    %load/vec4 v00000296ad7110d0_0;
    %parti/s 1, 31, 6;
    %replicate 20;
    %load/vec4 v00000296ad7110d0_0;
    %parti/s 12, 20, 6;
    %concat/vec4; draw_concat_vec4
    %store/vec4 v00000296ad711030_0, 0, 32;
    %pushi/vec4 0, 0, 4;
    %store/vec4 v00000296ad711df0_0, 0, 4;
    %pushi/vec4 1, 0, 1;
    %store/vec4 v00000296ad711170_0, 0, 1;
    %pushi/vec4 0, 0, 1;
    %store/vec4 v00000296ad7148a0_0, 0, 1;
T_7.35 ;
    %jmp T_7.8;
T_7.3 ;
    %load/vec4 v00000296ad712430_0;
    %cmpi/e 2, 0, 3;
    %jmp/0xz  T_7.37, 4;
    %load/vec4 v00000296ad7110d0_0;
    %parti/s 5, 15, 5;
    %store/vec4 v00000296ad713220_0, 0, 5;
    %load/vec4 v00000296ad7110d0_0;
    %parti/s 5, 20, 6;
    %store/vec4 v00000296ad713b80_0, 0, 5;
    %pushi/vec4 0, 0, 5;
    %store/vec4 v00000296ad713180_0, 0, 5;
    %pushi/vec4 0, 0, 1;
    %store/vec4 v00000296ad714800_0, 0, 1;
    %pushi/vec4 1, 0, 1;
    %store/vec4 v00000296ad714300_0, 0, 1;
    %load/vec4 v00000296ad7110d0_0;
    %parti/s 1, 31, 6;
    %replicate 20;
    %load/vec4 v00000296ad7110d0_0;
    %parti/s 7, 25, 6;
    %concat/vec4; draw_concat_vec4
    %load/vec4 v00000296ad7110d0_0;
    %parti/s 5, 7, 4;
    %concat/vec4; draw_concat_vec4
    %store/vec4 v00000296ad711030_0, 0, 32;
    %pushi/vec4 0, 0, 4;
    %store/vec4 v00000296ad711df0_0, 0, 4;
    %pushi/vec4 1, 0, 1;
    %store/vec4 v00000296ad7148a0_0, 0, 1;
    %pushi/vec4 0, 0, 1;
    %store/vec4 v00000296ad711170_0, 0, 1;
T_7.37 ;
    %jmp T_7.8;
T_7.4 ;
    %pushi/vec4 0, 0, 1;
    %store/vec4 v00000296ad711170_0, 0, 1;
    %pushi/vec4 0, 0, 1;
    %store/vec4 v00000296ad7148a0_0, 0, 1;
    %load/vec4 v00000296ad712430_0;
    %cmpi/e 0, 0, 3;
    %jmp/0xz  T_7.39, 4;
    %load/vec4 v00000296ad7110d0_0;
    %parti/s 5, 15, 5;
    %store/vec4 v00000296ad713220_0, 0, 5;
    %load/vec4 v00000296ad7110d0_0;
    %parti/s 5, 20, 6;
    %store/vec4 v00000296ad713b80_0, 0, 5;
    %pushi/vec4 0, 0, 1;
    %store/vec4 v00000296ad714800_0, 0, 1;
    %pushi/vec4 0, 0, 1;
    %store/vec4 v00000296ad714300_0, 0, 1;
    %load/vec4 v00000296ad7110d0_0;
    %parti/s 1, 31, 6;
    %replicate 19;
    %load/vec4 v00000296ad7110d0_0;
    %parti/s 1, 31, 6;
    %concat/vec4; draw_concat_vec4
    %load/vec4 v00000296ad7110d0_0;
    %parti/s 1, 7, 4;
    %concat/vec4; draw_concat_vec4
    %load/vec4 v00000296ad7110d0_0;
    %parti/s 6, 25, 6;
    %concat/vec4; draw_concat_vec4
    %load/vec4 v00000296ad7110d0_0;
    %parti/s 4, 8, 5;
    %concat/vec4; draw_concat_vec4
    %concati/vec4 0, 0, 1;
    %store/vec4 v00000296ad711030_0, 0, 32;
    %pushi/vec4 1, 0, 4;
    %store/vec4 v00000296ad711df0_0, 0, 4;
    %jmp T_7.40;
T_7.39 ;
    %load/vec4 v00000296ad712430_0;
    %cmpi/e 1, 0, 3;
    %jmp/0xz  T_7.41, 4;
    %load/vec4 v00000296ad7110d0_0;
    %parti/s 5, 15, 5;
    %store/vec4 v00000296ad713220_0, 0, 5;
    %load/vec4 v00000296ad7110d0_0;
    %parti/s 5, 20, 6;
    %store/vec4 v00000296ad713b80_0, 0, 5;
    %pushi/vec4 0, 0, 1;
    %store/vec4 v00000296ad714800_0, 0, 1;
    %pushi/vec4 0, 0, 1;
    %store/vec4 v00000296ad714300_0, 0, 1;
    %load/vec4 v00000296ad7110d0_0;
    %parti/s 1, 31, 6;
    %replicate 20;
    %load/vec4 v00000296ad7110d0_0;
    %parti/s 1, 7, 4;
    %concat/vec4; draw_concat_vec4
    %load/vec4 v00000296ad7110d0_0;
    %parti/s 6, 25, 6;
    %concat/vec4; draw_concat_vec4
    %load/vec4 v00000296ad7110d0_0;
    %parti/s 4, 8, 5;
    %concat/vec4; draw_concat_vec4
    %concati/vec4 0, 0, 1;
    %store/vec4 v00000296ad711030_0, 0, 32;
    %pushi/vec4 1, 0, 4;
    %store/vec4 v00000296ad711df0_0, 0, 4;
T_7.41 ;
T_7.40 ;
    %jmp T_7.8;
T_7.5 ;
    %pushi/vec4 0, 0, 5;
    %store/vec4 v00000296ad713220_0, 0, 5;
    %pushi/vec4 0, 0, 5;
    %store/vec4 v00000296ad713b80_0, 0, 5;
    %load/vec4 v00000296ad7110d0_0;
    %parti/s 5, 7, 4;
    %store/vec4 v00000296ad713180_0, 0, 5;
    %pushi/vec4 1, 0, 1;
    %store/vec4 v00000296ad714800_0, 0, 1;
    %pushi/vec4 1, 0, 1;
    %store/vec4 v00000296ad714300_0, 0, 1;
    %load/vec4 v00000296ad7110d0_0;
    %parti/s 1, 31, 6;
    %replicate 11;
    %ix/load 4, 21, 0;
    %flag_set/imm 4, 0;
    %store/vec4 v00000296ad711030_0, 4, 11;
    %load/vec4 v00000296ad7110d0_0;
    %parti/s 1, 31, 6;
    %ix/load 4, 20, 0;
    %flag_set/imm 4, 0;
    %store/vec4 v00000296ad711030_0, 4, 1;
    %load/vec4 v00000296ad7110d0_0;
    %parti/s 8, 12, 5;
    %ix/load 4, 12, 0;
    %flag_set/imm 4, 0;
    %store/vec4 v00000296ad711030_0, 4, 8;
    %load/vec4 v00000296ad7110d0_0;
    %parti/s 1, 20, 6;
    %ix/load 4, 11, 0;
    %flag_set/imm 4, 0;
    %store/vec4 v00000296ad711030_0, 4, 1;
    %load/vec4 v00000296ad7110d0_0;
    %parti/s 10, 21, 6;
    %ix/load 4, 1, 0;
    %flag_set/imm 4, 0;
    %store/vec4 v00000296ad711030_0, 4, 10;
    %pushi/vec4 0, 0, 1;
    %ix/load 4, 0, 0;
    %flag_set/imm 4, 0;
    %store/vec4 v00000296ad711030_0, 4, 1;
    %pushi/vec4 0, 0, 4;
    %store/vec4 v00000296ad711df0_0, 0, 4;
    %pushi/vec4 0, 0, 1;
    %store/vec4 v00000296ad711170_0, 0, 1;
    %pushi/vec4 0, 0, 1;
    %store/vec4 v00000296ad7148a0_0, 0, 1;
    %jmp T_7.8;
T_7.6 ;
    %load/vec4 v00000296ad7110d0_0;
    %parti/s 5, 15, 5;
    %store/vec4 v00000296ad713220_0, 0, 5;
    %pushi/vec4 0, 0, 5;
    %store/vec4 v00000296ad713b80_0, 0, 5;
    %load/vec4 v00000296ad7110d0_0;
    %parti/s 5, 7, 4;
    %store/vec4 v00000296ad713180_0, 0, 5;
    %pushi/vec4 0, 0, 1;
    %store/vec4 v00000296ad714800_0, 0, 1;
    %pushi/vec4 1, 0, 1;
    %store/vec4 v00000296ad714300_0, 0, 1;
    %load/vec4 v00000296ad7110d0_0;
    %parti/s 1, 31, 6;
    %replicate 20;
    %load/vec4 v00000296ad7110d0_0;
    %parti/s 12, 20, 6;
    %concat/vec4; draw_concat_vec4
    %store/vec4 v00000296ad711030_0, 0, 32;
    %pushi/vec4 0, 0, 1;
    %store/vec4 v00000296ad711170_0, 0, 1;
    %pushi/vec4 0, 0, 1;
    %store/vec4 v00000296ad7148a0_0, 0, 1;
    %pushi/vec4 0, 0, 4;
    %store/vec4 v00000296ad711df0_0, 0, 4;
    %jmp T_7.8;
T_7.8 ;
    %pop/vec4 1;
    %jmp T_7;
    .thread T_7, $push;
    .scope S_00000296ad715690;
T_8 ;
    %wait E_00000296ad6a3c70;
    %load/vec4 v00000296ad719d30_0;
    %nor/r;
    %flag_set/vec4 8;
    %jmp/0xz  T_8.0, 8;
    %pushi/vec4 0, 0, 32;
    %store/vec4 v00000296ad717140_0, 0, 32;
T_8.2 ;
    %load/vec4 v00000296ad717140_0;
    %cmpi/s 32, 0, 32;
    %jmp/0xz T_8.3, 5;
    %load/vec4 v00000296ad717140_0;
    %cmpi/ne 2, 0, 32;
    %jmp/0xz  T_8.4, 4;
    %pushi/vec4 0, 0, 32;
    %ix/getv/s 3, v00000296ad717140_0;
    %ix/load 4, 0, 0; Constant delay
    %assign/vec4/a/d v00000296ad716f60, 0, 4;
    %jmp T_8.5;
T_8.4 ;
    %pushi/vec4 2147483632, 0, 32;
    %ix/load 3, 2, 0;
    %flag_set/imm 4, 0;
    %ix/load 4, 0, 0; Constant delay
    %assign/vec4/a/d v00000296ad716f60, 0, 4;
T_8.5 ;
    %load/vec4 v00000296ad717140_0;
    %addi 1, 0, 32;
    %store/vec4 v00000296ad717140_0, 0, 32;
    %jmp T_8.2;
T_8.3 ;
    %jmp T_8.1;
T_8.0 ;
    %load/vec4 v00000296ad7190b0_0;
    %flag_set/vec4 9;
    %flag_get/vec4 9;
    %jmp/0 T_8.8, 9;
    %load/vec4 v00000296ad7187f0_0;
    %pushi/vec4 0, 0, 5;
    %cmp/ne;
    %flag_get/vec4 4;
    %and;
T_8.8;
    %flag_set/vec4 8;
    %jmp/0xz  T_8.6, 8;
    %load/vec4 v00000296ad719a10_0;
    %load/vec4 v00000296ad7187f0_0;
    %pad/u 7;
    %ix/vec4 3;
    %ix/load 4, 0, 0; Constant delay
    %assign/vec4/a/d v00000296ad716f60, 0, 4;
T_8.6 ;
T_8.1 ;
    %jmp T_8;
    .thread T_8;
    .scope S_00000296ad715690;
T_9 ;
    %wait E_00000296ad6a4230;
    %load/vec4 v00000296ad719d30_0;
    %nor/r;
    %flag_set/vec4 8;
    %jmp/0xz  T_9.0, 8;
    %pushi/vec4 0, 0, 32;
    %store/vec4 v00000296ad717820_0, 0, 32;
    %jmp T_9.1;
T_9.0 ;
    %load/vec4 v00000296ad717000_0;
    %cmpi/e 0, 0, 5;
    %jmp/0xz  T_9.2, 4;
    %pushi/vec4 0, 0, 32;
    %store/vec4 v00000296ad717820_0, 0, 32;
    %jmp T_9.3;
T_9.2 ;
    %load/vec4 v00000296ad7190b0_0;
    %flag_set/vec4 9;
    %flag_get/vec4 9;
    %jmp/0 T_9.6, 9;
    %load/vec4 v00000296ad7187f0_0;
    %load/vec4 v00000296ad717000_0;
    %cmp/e;
    %flag_get/vec4 4;
    %and;
T_9.6;
    %flag_set/vec4 8;
    %jmp/0xz  T_9.4, 8;
    %load/vec4 v00000296ad719a10_0;
    %store/vec4 v00000296ad717820_0, 0, 32;
    %jmp T_9.5;
T_9.4 ;
    %load/vec4 v00000296ad717000_0;
    %pad/u 7;
    %ix/vec4 4;
    %load/vec4a v00000296ad716f60, 4;
    %store/vec4 v00000296ad717820_0, 0, 32;
T_9.5 ;
T_9.3 ;
T_9.1 ;
    %jmp T_9;
    .thread T_9, $push;
    .scope S_00000296ad715690;
T_10 ;
    %wait E_00000296ad6a3bb0;
    %load/vec4 v00000296ad719d30_0;
    %nor/r;
    %flag_set/vec4 8;
    %jmp/0xz  T_10.0, 8;
    %pushi/vec4 0, 0, 32;
    %store/vec4 v00000296ad716600_0, 0, 32;
    %jmp T_10.1;
T_10.0 ;
    %load/vec4 v00000296ad7198d0_0;
    %cmpi/e 0, 0, 5;
    %jmp/0xz  T_10.2, 4;
    %pushi/vec4 0, 0, 32;
    %store/vec4 v00000296ad716600_0, 0, 32;
    %jmp T_10.3;
T_10.2 ;
    %load/vec4 v00000296ad7190b0_0;
    %flag_set/vec4 9;
    %flag_get/vec4 9;
    %jmp/0 T_10.6, 9;
    %load/vec4 v00000296ad7187f0_0;
    %load/vec4 v00000296ad7198d0_0;
    %cmp/e;
    %flag_get/vec4 4;
    %and;
T_10.6;
    %flag_set/vec4 8;
    %jmp/0xz  T_10.4, 8;
    %load/vec4 v00000296ad719a10_0;
    %store/vec4 v00000296ad716600_0, 0, 32;
    %jmp T_10.5;
T_10.4 ;
    %load/vec4 v00000296ad7198d0_0;
    %pad/u 7;
    %ix/vec4 4;
    %load/vec4a v00000296ad716f60, 4;
    %store/vec4 v00000296ad716600_0, 0, 32;
T_10.5 ;
T_10.3 ;
T_10.1 ;
    %jmp T_10;
    .thread T_10, $push;
    .scope S_00000296ad715690;
T_11 ;
    %vpi_func 20 121 "$fopen" 32, "REG_data.log", "w" {0 0 0};
    %store/vec4 v00000296ad716ec0_0, 0, 32;
    %load/vec4 v00000296ad716ec0_0;
    %cmpi/ne 0, 0, 32;
    %jmp/0xz  T_11.0, 4;
    %vpi_call 20 124 "$fwrite", v00000296ad716ec0_0, "|-Cycles-" {0 0 0};
    %pushi/vec4 0, 0, 32;
    %store/vec4 v00000296ad717140_0, 0, 32;
T_11.2 ;
    %load/vec4 v00000296ad717140_0;
    %cmpi/s 32, 0, 32;
    %jmp/0xz T_11.3, 5;
    %load/vec4 v00000296ad717140_0;
    %cmpi/s 9, 0, 32;
    %flag_or 5, 4;
    %jmp/0xz  T_11.4, 5;
    %vpi_call 20 126 "$fwrite", v00000296ad716ec0_0, "|---x%0d---", v00000296ad717140_0 {0 0 0};
    %jmp T_11.5;
T_11.4 ;
    %vpi_call 20 127 "$fwrite", v00000296ad716ec0_0, "|---x%0d--", v00000296ad717140_0 {0 0 0};
T_11.5 ;
    %load/vec4 v00000296ad717140_0;
    %addi 1, 0, 32;
    %store/vec4 v00000296ad717140_0, 0, 32;
    %jmp T_11.2;
T_11.3 ;
    %vpi_call 20 129 "$fwrite", v00000296ad716ec0_0, "\012" {0 0 0};
T_11.0 ;
    %end;
    .thread T_11;
    .scope S_00000296ad715690;
T_12 ;
    %wait E_00000296ad6a3770;
    %load/vec4 v00000296ad719d30_0;
    %nor/r;
    %flag_set/vec4 8;
    %jmp/0xz  T_12.0, 8;
    %pushi/vec4 0, 0, 32;
    %assign/vec4 v00000296ad716e20_0, 0;
    %jmp T_12.1;
T_12.0 ;
    %load/vec4 v00000296ad716ec0_0;
    %cmpi/ne 0, 0, 32;
    %jmp/0xz  T_12.2, 4;
    %load/vec4 v00000296ad716e20_0;
    %addi 1, 0, 32;
    %assign/vec4 v00000296ad716e20_0, 0;
    %vpi_call 20 142 "$fwrite", v00000296ad716ec0_0, "%9d", v00000296ad716e20_0 {0 0 0};
    %pushi/vec4 0, 0, 32;
    %store/vec4 v00000296ad717140_0, 0, 32;
T_12.4 ;
    %load/vec4 v00000296ad717140_0;
    %cmpi/s 32, 0, 32;
    %jmp/0xz T_12.5, 5;
    %vpi_call 20 144 "$fwrite", v00000296ad716ec0_0, " %h", &A<v00000296ad716f60, v00000296ad717140_0 > {0 0 0};
    %load/vec4 v00000296ad717140_0;
    %addi 1, 0, 32;
    %store/vec4 v00000296ad717140_0, 0, 32;
    %jmp T_12.4;
T_12.5 ;
    %vpi_call 20 146 "$fwrite", v00000296ad716ec0_0, "\012" {0 0 0};
T_12.2 ;
T_12.1 ;
    %jmp T_12;
    .thread T_12;
    .scope S_00000296ad715b40;
T_13 ;
    %wait E_00000296ad6a3770;
    %load/vec4 v00000296ad713720_0;
    %nor/r;
    %flag_set/vec4 8;
    %jmp/0xz  T_13.0, 8;
    %pushi/vec4 0, 0, 4;
    %assign/vec4 v00000296ad7132c0_0, 0;
    %pushi/vec4 0, 0, 32;
    %assign/vec4 v00000296ad713c20_0, 0;
    %pushi/vec4 0, 0, 32;
    %assign/vec4 v00000296ad714d00_0, 0;
    %pushi/vec4 0, 0, 32;
    %assign/vec4 v00000296ad714940_0, 0;
    %pushi/vec4 0, 0, 1;
    %assign/vec4 v00000296ad7149e0_0, 0;
    %pushi/vec4 0, 0, 1;
    %assign/vec4 v00000296ad713360_0, 0;
    %pushi/vec4 0, 0, 32;
    %assign/vec4 v00000296ad7144e0_0, 0;
    %pushi/vec4 0, 0, 32;
    %assign/vec4 v00000296ad713540_0, 0;
    %pushi/vec4 0, 0, 1;
    %assign/vec4 v00000296ad7135e0_0, 0;
    %pushi/vec4 0, 0, 1;
    %assign/vec4 v00000296ad713f40_0, 0;
    %jmp T_13.1;
T_13.0 ;
    %load/vec4 v00000296ad713ae0_0;
    %nor/r;
    %flag_set/vec4 8;
    %jmp/0xz  T_13.2, 8;
    %load/vec4 v00000296ad713fe0_0;
    %flag_set/vec4 8;
    %jmp/0xz  T_13.4, 8;
    %pushi/vec4 0, 0, 4;
    %assign/vec4 v00000296ad7132c0_0, 0;
    %pushi/vec4 0, 0, 32;
    %assign/vec4 v00000296ad713c20_0, 0;
    %pushi/vec4 0, 0, 32;
    %assign/vec4 v00000296ad714d00_0, 0;
    %pushi/vec4 0, 0, 32;
    %assign/vec4 v00000296ad714940_0, 0;
    %pushi/vec4 0, 0, 1;
    %assign/vec4 v00000296ad7149e0_0, 0;
    %pushi/vec4 0, 0, 1;
    %assign/vec4 v00000296ad713360_0, 0;
    %pushi/vec4 0, 0, 32;
    %assign/vec4 v00000296ad7144e0_0, 0;
    %pushi/vec4 0, 0, 32;
    %assign/vec4 v00000296ad713540_0, 0;
    %pushi/vec4 0, 0, 1;
    %assign/vec4 v00000296ad7135e0_0, 0;
    %pushi/vec4 0, 0, 1;
    %assign/vec4 v00000296ad713f40_0, 0;
    %jmp T_13.5;
T_13.4 ;
    %load/vec4 v00000296ad713040_0;
    %assign/vec4 v00000296ad7132c0_0, 0;
    %load/vec4 v00000296ad713d60_0;
    %assign/vec4 v00000296ad713c20_0, 0;
    %load/vec4 v00000296ad713cc0_0;
    %assign/vec4 v00000296ad714d00_0, 0;
    %load/vec4 v00000296ad7146c0_0;
    %assign/vec4 v00000296ad714940_0, 0;
    %load/vec4 v00000296ad7134a0_0;
    %assign/vec4 v00000296ad7149e0_0, 0;
    %load/vec4 v00000296ad713680_0;
    %assign/vec4 v00000296ad713360_0, 0;
    %load/vec4 v00000296ad713860_0;
    %assign/vec4 v00000296ad7144e0_0, 0;
    %load/vec4 v00000296ad714da0_0;
    %assign/vec4 v00000296ad713540_0, 0;
    %load/vec4 v00000296ad713ea0_0;
    %assign/vec4 v00000296ad7135e0_0, 0;
    %load/vec4 v00000296ad713e00_0;
    %assign/vec4 v00000296ad713f40_0, 0;
T_13.5 ;
T_13.2 ;
T_13.1 ;
    %jmp T_13;
    .thread T_13;
    .scope S_00000296ad629240;
T_14 ;
    %wait E_00000296ad6a3f30;
    %pushi/vec4 0, 0, 1;
    %store/vec4 v00000296ad6814c0_0, 0, 1;
    %pushi/vec4 0, 0, 1;
    %store/vec4 v00000296ad681420_0, 0, 1;
    %pushi/vec4 0, 0, 1;
    %store/vec4 v00000296ad680980_0, 0, 1;
    %pushi/vec4 0, 0, 1;
    %store/vec4 v00000296ad680a20_0, 0, 1;
    %pushi/vec4 0, 0, 33;
    %store/vec4 v00000296ad65b050_0, 0, 33;
    %load/vec4 v00000296ad6808e0_0;
    %dup/vec4;
    %pushi/vec4 0, 0, 4;
    %cmp/u;
    %jmp/1 T_14.0, 6;
    %dup/vec4;
    %pushi/vec4 1, 0, 4;
    %cmp/u;
    %jmp/1 T_14.1, 6;
    %dup/vec4;
    %pushi/vec4 2, 0, 4;
    %cmp/u;
    %jmp/1 T_14.2, 6;
    %dup/vec4;
    %pushi/vec4 3, 0, 4;
    %cmp/u;
    %jmp/1 T_14.3, 6;
    %dup/vec4;
    %pushi/vec4 4, 0, 4;
    %cmp/u;
    %jmp/1 T_14.4, 6;
    %dup/vec4;
    %pushi/vec4 5, 0, 4;
    %cmp/u;
    %jmp/1 T_14.5, 6;
    %dup/vec4;
    %pushi/vec4 6, 0, 4;
    %cmp/u;
    %jmp/1 T_14.6, 6;
    %dup/vec4;
    %pushi/vec4 7, 0, 4;
    %cmp/u;
    %jmp/1 T_14.7, 6;
    %dup/vec4;
    %pushi/vec4 8, 0, 4;
    %cmp/u;
    %jmp/1 T_14.8, 6;
    %dup/vec4;
    %pushi/vec4 9, 0, 4;
    %cmp/u;
    %jmp/1 T_14.9, 6;
    %dup/vec4;
    %pushi/vec4 10, 0, 4;
    %cmp/u;
    %jmp/1 T_14.10, 6;
    %dup/vec4;
    %pushi/vec4 11, 0, 4;
    %cmp/u;
    %jmp/1 T_14.11, 6;
    %dup/vec4;
    %pushi/vec4 12, 0, 4;
    %cmp/u;
    %jmp/1 T_14.12, 6;
    %dup/vec4;
    %pushi/vec4 13, 0, 4;
    %cmp/u;
    %jmp/1 T_14.13, 6;
    %dup/vec4;
    %pushi/vec4 14, 0, 4;
    %cmp/u;
    %jmp/1 T_14.14, 6;
    %dup/vec4;
    %pushi/vec4 15, 0, 4;
    %cmp/u;
    %jmp/1 T_14.15, 6;
    %pushi/vec4 0, 0, 32;
    %store/vec4 v00000296ad680ac0_0, 0, 32;
    %jmp T_14.17;
T_14.0 ;
    %load/vec4 v00000296ad6812e0_0;
    %parti/s 1, 31, 6;
    %load/vec4 v00000296ad6812e0_0;
    %concat/vec4; draw_concat_vec4
    %load/vec4 v00000296ad67fd00_0;
    %parti/s 1, 31, 6;
    %load/vec4 v00000296ad67fd00_0;
    %concat/vec4; draw_concat_vec4
    %add;
    %store/vec4 v00000296ad65b050_0, 0, 33;
    %load/vec4 v00000296ad65b050_0;
    %parti/s 32, 0, 2;
    %store/vec4 v00000296ad680ac0_0, 0, 32;
    %load/vec4 v00000296ad65b050_0;
    %parti/s 1, 32, 7;
    %store/vec4 v00000296ad680980_0, 0, 1;
    %load/vec4 v00000296ad6812e0_0;
    %parti/s 1, 31, 6;
    %load/vec4 v00000296ad67fd00_0;
    %parti/s 1, 31, 6;
    %cmp/e;
    %flag_get/vec4 4;
    %jmp/0 T_14.18, 4;
    %load/vec4 v00000296ad680ac0_0;
    %parti/s 1, 31, 6;
    %load/vec4 v00000296ad6812e0_0;
    %parti/s 1, 31, 6;
    %cmp/ne;
    %flag_get/vec4 4;
    %and;
T_14.18;
    %store/vec4 v00000296ad681420_0, 0, 1;
    %load/vec4 v00000296ad680ac0_0;
    %parti/s 1, 31, 6;
    %store/vec4 v00000296ad680a20_0, 0, 1;
    %jmp T_14.17;
T_14.1 ;
    %load/vec4 v00000296ad6812e0_0;
    %parti/s 1, 31, 6;
    %load/vec4 v00000296ad6812e0_0;
    %concat/vec4; draw_concat_vec4
    %load/vec4 v00000296ad67fd00_0;
    %parti/s 1, 31, 6;
    %load/vec4 v00000296ad67fd00_0;
    %concat/vec4; draw_concat_vec4
    %sub;
    %store/vec4 v00000296ad65b050_0, 0, 33;
    %load/vec4 v00000296ad65b050_0;
    %parti/s 32, 0, 2;
    %store/vec4 v00000296ad680ac0_0, 0, 32;
    %load/vec4 v00000296ad65b050_0;
    %parti/s 1, 32, 7;
    %store/vec4 v00000296ad680980_0, 0, 1;
    %load/vec4 v00000296ad6812e0_0;
    %parti/s 1, 31, 6;
    %load/vec4 v00000296ad67fd00_0;
    %parti/s 1, 31, 6;
    %cmp/ne;
    %flag_get/vec4 4;
    %jmp/0 T_14.19, 4;
    %load/vec4 v00000296ad680ac0_0;
    %parti/s 1, 31, 6;
    %load/vec4 v00000296ad6812e0_0;
    %parti/s 1, 31, 6;
    %cmp/ne;
    %flag_get/vec4 4;
    %and;
T_14.19;
    %store/vec4 v00000296ad681420_0, 0, 1;
    %jmp T_14.17;
T_14.2 ;
    %load/vec4 v00000296ad6812e0_0;
    %load/vec4 v00000296ad67fd00_0;
    %and;
    %store/vec4 v00000296ad680ac0_0, 0, 32;
    %load/vec4 v00000296ad680ac0_0;
    %parti/s 1, 31, 6;
    %store/vec4 v00000296ad680a20_0, 0, 1;
    %jmp T_14.17;
T_14.3 ;
    %load/vec4 v00000296ad6812e0_0;
    %load/vec4 v00000296ad67fd00_0;
    %or;
    %store/vec4 v00000296ad680ac0_0, 0, 32;
    %load/vec4 v00000296ad680ac0_0;
    %parti/s 1, 31, 6;
    %store/vec4 v00000296ad680a20_0, 0, 1;
    %jmp T_14.17;
T_14.4 ;
    %load/vec4 v00000296ad6812e0_0;
    %load/vec4 v00000296ad67fd00_0;
    %xor;
    %store/vec4 v00000296ad680ac0_0, 0, 32;
    %load/vec4 v00000296ad680ac0_0;
    %parti/s 1, 31, 6;
    %store/vec4 v00000296ad680a20_0, 0, 1;
    %jmp T_14.17;
T_14.5 ;
    %load/vec4 v00000296ad6812e0_0;
    %load/vec4 v00000296ad67fd00_0;
    %or;
    %inv;
    %store/vec4 v00000296ad680ac0_0, 0, 32;
    %load/vec4 v00000296ad680ac0_0;
    %parti/s 1, 31, 6;
    %store/vec4 v00000296ad680a20_0, 0, 1;
    %jmp T_14.17;
T_14.6 ;
    %load/vec4 v00000296ad6812e0_0;
    %load/vec4 v00000296ad67fd00_0;
    %sub;
    %store/vec4 v00000296ad65b5f0_0, 0, 32;
    %load/vec4 v00000296ad6812e0_0;
    %parti/s 1, 31, 6;
    %flag_set/vec4 9;
    %flag_get/vec4 9;
    %jmp/0 T_14.23, 9;
    %load/vec4 v00000296ad67fd00_0;
    %parti/s 1, 31, 6;
    %inv;
    %and;
T_14.23;
    %flag_set/vec4 8;
    %jmp/1 T_14.22, 8;
    %load/vec4 v00000296ad6812e0_0;
    %parti/s 1, 31, 6;
    %load/vec4 v00000296ad67fd00_0;
    %parti/s 1, 31, 6;
    %cmp/e;
    %flag_get/vec4 4;
    %jmp/0 T_14.24, 4;
    %load/vec4 v00000296ad65b5f0_0;
    %parti/s 1, 31, 6;
    %and;
T_14.24;
    %flag_set/vec4 9;
    %flag_or 8, 9;
T_14.22;
    %jmp/0 T_14.20, 8;
    %pushi/vec4 1, 0, 32;
    %jmp/1 T_14.21, 8;
T_14.20 ; End of true expr.
    %pushi/vec4 0, 0, 32;
    %jmp/0 T_14.21, 8;
 ; End of false expr.
    %blend;
T_14.21;
    %store/vec4 v00000296ad680ac0_0, 0, 32;
    %jmp T_14.17;
T_14.7 ;
    %load/vec4 v00000296ad6812e0_0;
    %ix/getv 4, v00000296ad65b690_0;
    %shiftl 4;
    %store/vec4 v00000296ad680ac0_0, 0, 32;
    %load/vec4 v00000296ad680ac0_0;
    %parti/s 1, 31, 6;
    %store/vec4 v00000296ad680a20_0, 0, 1;
    %jmp T_14.17;
T_14.8 ;
    %load/vec4 v00000296ad6812e0_0;
    %ix/getv 4, v00000296ad65b690_0;
    %shiftr 4;
    %store/vec4 v00000296ad680ac0_0, 0, 32;
    %load/vec4 v00000296ad680ac0_0;
    %parti/s 1, 31, 6;
    %store/vec4 v00000296ad680a20_0, 0, 1;
    %jmp T_14.17;
T_14.9 ;
    %load/vec4 v00000296ad6812e0_0;
    %ix/getv 4, v00000296ad65b690_0;
    %shiftr/s 4;
    %store/vec4 v00000296ad680ac0_0, 0, 32;
    %load/vec4 v00000296ad680ac0_0;
    %parti/s 1, 31, 6;
    %store/vec4 v00000296ad680a20_0, 0, 1;
    %jmp T_14.17;
T_14.10 ;
    %load/vec4 v00000296ad67fd00_0;
    %parti/s 16, 0, 2;
    %concati/vec4 0, 0, 16;
    %store/vec4 v00000296ad680ac0_0, 0, 32;
    %load/vec4 v00000296ad680ac0_0;
    %parti/s 1, 31, 6;
    %store/vec4 v00000296ad680a20_0, 0, 1;
    %jmp T_14.17;
T_14.11 ;
    %load/vec4 v00000296ad6812e0_0;
    %load/vec4 v00000296ad67fd00_0;
    %cmp/e;
    %flag_mov 8, 4;
    %jmp/0 T_14.25, 8;
    %pushi/vec4 1, 0, 32;
    %jmp/1 T_14.26, 8;
T_14.25 ; End of true expr.
    %pushi/vec4 0, 0, 32;
    %jmp/0 T_14.26, 8;
 ; End of false expr.
    %blend;
T_14.26;
    %store/vec4 v00000296ad680ac0_0, 0, 32;
    %jmp T_14.17;
T_14.12 ;
    %load/vec4 v00000296ad6812e0_0;
    %load/vec4 v00000296ad67fd00_0;
    %cmp/ne;
    %flag_mov 8, 4;
    %jmp/0 T_14.27, 8;
    %pushi/vec4 1, 0, 32;
    %jmp/1 T_14.28, 8;
T_14.27 ; End of true expr.
    %pushi/vec4 0, 0, 32;
    %jmp/0 T_14.28, 8;
 ; End of false expr.
    %blend;
T_14.28;
    %store/vec4 v00000296ad680ac0_0, 0, 32;
    %jmp T_14.17;
T_14.13 ;
    %load/vec4 v00000296ad67fd00_0;
    %load/vec4 v00000296ad6812e0_0;
    %cmp/s;
    %jmp/0xz  T_14.29, 5;
    %load/vec4 v00000296ad6812e0_0;
    %store/vec4 v00000296ad680ac0_0, 0, 32;
    %jmp T_14.30;
T_14.29 ;
    %load/vec4 v00000296ad67fd00_0;
    %store/vec4 v00000296ad680ac0_0, 0, 32;
T_14.30 ;
    %load/vec4 v00000296ad680ac0_0;
    %parti/s 1, 31, 6;
    %store/vec4 v00000296ad680a20_0, 0, 1;
    %jmp T_14.17;
T_14.14 ;
    %load/vec4 v00000296ad6812e0_0;
    %load/vec4 v00000296ad67fd00_0;
    %cmp/s;
    %jmp/0xz  T_14.31, 5;
    %load/vec4 v00000296ad6812e0_0;
    %store/vec4 v00000296ad680ac0_0, 0, 32;
    %jmp T_14.32;
T_14.31 ;
    %load/vec4 v00000296ad67fd00_0;
    %store/vec4 v00000296ad680ac0_0, 0, 32;
T_14.32 ;
    %load/vec4 v00000296ad680ac0_0;
    %parti/s 1, 31, 6;
    %store/vec4 v00000296ad680a20_0, 0, 1;
    %jmp T_14.17;
T_14.15 ;
    %load/vec4 v00000296ad6812e0_0;
    %inv;
    %store/vec4 v00000296ad680ac0_0, 0, 32;
    %load/vec4 v00000296ad680ac0_0;
    %parti/s 1, 31, 6;
    %store/vec4 v00000296ad680a20_0, 0, 1;
    %jmp T_14.17;
T_14.17 ;
    %pop/vec4 1;
    %load/vec4 v00000296ad680ac0_0;
    %pushi/vec4 0, 0, 32;
    %cmp/e;
    %flag_get/vec4 4;
    %store/vec4 v00000296ad6814c0_0, 0, 1;
    %jmp T_14;
    .thread T_14, $push;
    .scope S_00000296ad7151e0;
T_15 ;
    %wait E_00000296ad6a4030;
    %load/vec4 v00000296ad717aa0_0;
    %dup/vec4;
    %pushi/vec4 111, 0, 7;
    %cmp/u;
    %jmp/1 T_15.0, 6;
    %dup/vec4;
    %pushi/vec4 103, 0, 7;
    %cmp/u;
    %jmp/1 T_15.1, 6;
    %dup/vec4;
    %pushi/vec4 99, 0, 7;
    %cmp/u;
    %jmp/1 T_15.2, 6;
    %pushi/vec4 0, 0, 1;
    %store/vec4 v00000296ad7137c0_0, 0, 1;
    %pushi/vec4 0, 0, 1;
    %store/vec4 v00000296ad713a40_0, 0, 1;
    %pushi/vec4 0, 0, 32;
    %store/vec4 v00000296ad7167e0_0, 0, 32;
    %jmp T_15.4;
T_15.0 ;
    %pushi/vec4 1, 0, 1;
    %store/vec4 v00000296ad7137c0_0, 0, 1;
    %pushi/vec4 1, 0, 1;
    %store/vec4 v00000296ad713a40_0, 0, 1;
    %load/vec4 v00000296ad7143a0_0;
    %store/vec4 v00000296ad7167e0_0, 0, 32;
    %jmp T_15.4;
T_15.1 ;
    %pushi/vec4 1, 0, 1;
    %store/vec4 v00000296ad7137c0_0, 0, 1;
    %pushi/vec4 1, 0, 1;
    %store/vec4 v00000296ad713a40_0, 0, 1;
    %load/vec4 v00000296ad7143a0_0;
    %store/vec4 v00000296ad7167e0_0, 0, 32;
    %jmp T_15.4;
T_15.2 ;
    %pushi/vec4 1, 0, 1;
    %store/vec4 v00000296ad7137c0_0, 0, 1;
    %load/vec4 v00000296ad713900_0;
    %dup/vec4;
    %pushi/vec4 0, 0, 3;
    %cmp/u;
    %jmp/1 T_15.5, 6;
    %dup/vec4;
    %pushi/vec4 1, 0, 3;
    %cmp/u;
    %jmp/1 T_15.6, 6;
    %pushi/vec4 0, 0, 1;
    %store/vec4 v00000296ad713a40_0, 0, 1;
    %pushi/vec4 0, 0, 32;
    %store/vec4 v00000296ad7167e0_0, 0, 32;
    %jmp T_15.8;
T_15.5 ;
    %load/vec4 v00000296ad714ee0_0;
    %flag_set/vec4 8;
    %jmp/0xz  T_15.9, 8;
    %pushi/vec4 1, 0, 1;
    %store/vec4 v00000296ad713a40_0, 0, 1;
    %load/vec4 v00000296ad714440_0;
    %load/vec4 v00000296ad7130e0_0;
    %add;
    %store/vec4 v00000296ad7167e0_0, 0, 32;
    %jmp T_15.10;
T_15.9 ;
    %pushi/vec4 0, 0, 1;
    %store/vec4 v00000296ad713a40_0, 0, 1;
    %load/vec4 v00000296ad714440_0;
    %addi 4, 0, 32;
    %store/vec4 v00000296ad7167e0_0, 0, 32;
T_15.10 ;
    %jmp T_15.8;
T_15.6 ;
    %load/vec4 v00000296ad714ee0_0;
    %nor/r;
    %flag_set/vec4 8;
    %jmp/0xz  T_15.11, 8;
    %pushi/vec4 1, 0, 1;
    %store/vec4 v00000296ad713a40_0, 0, 1;
    %load/vec4 v00000296ad714440_0;
    %load/vec4 v00000296ad7130e0_0;
    %add;
    %store/vec4 v00000296ad7167e0_0, 0, 32;
    %jmp T_15.12;
T_15.11 ;
    %pushi/vec4 0, 0, 1;
    %store/vec4 v00000296ad713a40_0, 0, 1;
    %load/vec4 v00000296ad714440_0;
    %addi 4, 0, 32;
    %store/vec4 v00000296ad7167e0_0, 0, 32;
T_15.12 ;
    %jmp T_15.8;
T_15.8 ;
    %pop/vec4 1;
    %jmp T_15.4;
T_15.4 ;
    %pop/vec4 1;
    %jmp T_15;
    .thread T_15, $push;
    .scope S_00000296ad7151e0;
T_16 ;
    %wait E_00000296ad6a42f0;
    %load/vec4 v00000296ad7137c0_0;
    %flag_set/vec4 8;
    %jmp/0xz  T_16.0, 8;
    %load/vec4 v00000296ad713a40_0;
    %flag_set/vec4 8;
    %jmp/0xz  T_16.2, 8;
    %load/vec4 v00000296ad714c60_0;
    %load/vec4 v00000296ad7167e0_0;
    %cmp/e;
    %jmp/0xz  T_16.4, 4;
    %pushi/vec4 0, 0, 1;
    %store/vec4 v00000296ad714e40_0, 0, 1;
    %pushi/vec4 0, 0, 1;
    %store/vec4 v00000296ad714620_0, 0, 1;
    %jmp T_16.5;
T_16.4 ;
    %pushi/vec4 1, 0, 1;
    %store/vec4 v00000296ad714e40_0, 0, 1;
    %pushi/vec4 1, 0, 1;
    %store/vec4 v00000296ad714620_0, 0, 1;
T_16.5 ;
    %jmp T_16.3;
T_16.2 ;
    %load/vec4 v00000296ad714c60_0;
    %load/vec4 v00000296ad714440_0;
    %addi 4, 0, 32;
    %cmp/e;
    %jmp/0xz  T_16.6, 4;
    %pushi/vec4 0, 0, 1;
    %store/vec4 v00000296ad714e40_0, 0, 1;
    %pushi/vec4 0, 0, 1;
    %store/vec4 v00000296ad714620_0, 0, 1;
    %jmp T_16.7;
T_16.6 ;
    %pushi/vec4 1, 0, 1;
    %store/vec4 v00000296ad714e40_0, 0, 1;
    %pushi/vec4 1, 0, 1;
    %store/vec4 v00000296ad714620_0, 0, 1;
T_16.7 ;
T_16.3 ;
    %jmp T_16.1;
T_16.0 ;
    %pushi/vec4 0, 0, 1;
    %store/vec4 v00000296ad714e40_0, 0, 1;
    %pushi/vec4 0, 0, 1;
    %store/vec4 v00000296ad714620_0, 0, 1;
T_16.1 ;
    %jmp T_16;
    .thread T_16, $push;
    .scope S_00000296ad2b25b0;
T_17 ;
    %wait E_00000296ad6a3770;
    %load/vec4 v00000296ad712d90_0;
    %nor/r;
    %flag_set/vec4 8;
    %jmp/0xz  T_17.0, 8;
    %pushi/vec4 0, 0, 32;
    %assign/vec4 v00000296ad712610_0, 0;
    %pushi/vec4 0, 0, 32;
    %assign/vec4 v00000296ad712110_0, 0;
    %pushi/vec4 0, 0, 32;
    %assign/vec4 v00000296ad711c10_0, 0;
    %pushi/vec4 0, 0, 1;
    %assign/vec4 v00000296ad712070_0, 0;
    %pushi/vec4 0, 0, 1;
    %assign/vec4 v00000296ad712750_0, 0;
    %pushi/vec4 0, 0, 32;
    %assign/vec4 v00000296ad7121b0_0, 0;
    %jmp T_17.1;
T_17.0 ;
    %load/vec4 v00000296ad7129d0_0;
    %nor/r;
    %flag_set/vec4 8;
    %jmp/0xz  T_17.2, 8;
    %load/vec4 v00000296ad711530_0;
    %assign/vec4 v00000296ad712610_0, 0;
    %load/vec4 v00000296ad711490_0;
    %assign/vec4 v00000296ad711c10_0, 0;
    %load/vec4 v00000296ad7113f0_0;
    %assign/vec4 v00000296ad712110_0, 0;
    %load/vec4 v00000296ad711e90_0;
    %assign/vec4 v00000296ad712750_0, 0;
    %load/vec4 v00000296ad712890_0;
    %assign/vec4 v00000296ad712070_0, 0;
    %load/vec4 v00000296ad711d50_0;
    %assign/vec4 v00000296ad7121b0_0, 0;
T_17.2 ;
T_17.1 ;
    %jmp T_17;
    .thread T_17;
    .scope S_00000296ad715820;
T_18 ;
    %wait E_00000296ad6a3c70;
    %load/vec4 v00000296ad716240_0;
    %nor/r;
    %flag_set/vec4 8;
    %jmp/0xz  T_18.0, 8;
    %pushi/vec4 0, 0, 32;
    %store/vec4 v00000296ad717d20_0, 0, 32;
T_18.2 ;
    %load/vec4 v00000296ad717d20_0;
    %cmpi/s 256, 0, 32;
    %jmp/0xz T_18.3, 5;
    %pushi/vec4 0, 0, 32;
    %ix/getv/s 3, v00000296ad717d20_0;
    %ix/load 4, 0, 0; Constant delay
    %assign/vec4/a/d v00000296ad717500, 0, 4;
    ; show_stmt_assign_vector: Get l-value for compressed += operand
    %load/vec4 v00000296ad717d20_0;
    %pushi/vec4 1, 0, 32;
    %add;
    %store/vec4 v00000296ad717d20_0, 0, 32;
    %jmp T_18.2;
T_18.3 ;
    %jmp T_18.1;
T_18.0 ;
    %load/vec4 v00000296ad716ce0_0;
    %flag_set/vec4 8;
    %jmp/0xz  T_18.4, 8;
    %ix/getv 4, v00000296ad7169c0_0;
    %load/vec4a v00000296ad717500, 4;
    %assign/vec4 v00000296ad717c80_0, 0;
    %jmp T_18.5;
T_18.4 ;
    %load/vec4 v00000296ad717460_0;
    %flag_set/vec4 8;
    %jmp/0xz  T_18.6, 8;
    %load/vec4 v00000296ad717dc0_0;
    %ix/getv 3, v00000296ad7169c0_0;
    %ix/load 4, 0, 0; Constant delay
    %assign/vec4/a/d v00000296ad717500, 0, 4;
T_18.6 ;
T_18.5 ;
T_18.1 ;
    %jmp T_18;
    .thread T_18;
    .scope S_00000296ad715820;
T_19 ;
    %vpi_func 19 62 "$fopen" 32, "RAM_data.log", "w" {0 0 0};
    %store/vec4 v00000296ad716740_0, 0, 32;
    %load/vec4 v00000296ad716740_0;
    %cmpi/ne 0, 0, 32;
    %jmp/0xz  T_19.0, 4;
    %vpi_call 19 65 "$fwrite", v00000296ad716740_0, "|-Cycles-" {0 0 0};
    %pushi/vec4 0, 0, 8;
    %store/vec4 v00000296ad7166a0_0, 0, 8;
T_19.2 ;
    %load/vec4 v00000296ad7166a0_0;
    %pad/u 32;
    %cmpi/u 32, 0, 32;
    %jmp/0xz T_19.3, 5;
    %vpi_call 19 67 "$fwrite", v00000296ad716740_0, "|--0x%02h--", v00000296ad7166a0_0 {0 0 0};
    %load/vec4 v00000296ad7166a0_0;
    %addi 1, 0, 8;
    %store/vec4 v00000296ad7166a0_0, 0, 8;
    %jmp T_19.2;
T_19.3 ;
    %vpi_call 19 69 "$fwrite", v00000296ad716740_0, "\012" {0 0 0};
T_19.0 ;
    %end;
    .thread T_19;
    .scope S_00000296ad715820;
T_20 ;
    %wait E_00000296ad6a3770;
    %load/vec4 v00000296ad716240_0;
    %nor/r;
    %flag_set/vec4 8;
    %jmp/0xz  T_20.0, 8;
    %pushi/vec4 0, 0, 32;
    %assign/vec4 v00000296ad716a60_0, 0;
    %jmp T_20.1;
T_20.0 ;
    %load/vec4 v00000296ad716740_0;
    %cmpi/ne 0, 0, 32;
    %jmp/0xz  T_20.2, 4;
    %load/vec4 v00000296ad716a60_0;
    %addi 1, 0, 32;
    %assign/vec4 v00000296ad716a60_0, 0;
    %vpi_call 19 82 "$fwrite", v00000296ad716740_0, "%9d", v00000296ad716a60_0 {0 0 0};
    %pushi/vec4 0, 0, 8;
    %store/vec4 v00000296ad7166a0_0, 0, 8;
T_20.4 ;
    %load/vec4 v00000296ad7166a0_0;
    %pad/u 32;
    %cmpi/u 32, 0, 32;
    %jmp/0xz T_20.5, 5;
    %load/vec4 v00000296ad7166a0_0;
    %pad/u 10;
    %ix/vec4 4;
    %load/vec4a v00000296ad717500, 4;
    %vpi_call 19 84 "$fwrite", v00000296ad716740_0, " %h", S<0,vec4,u32> {1 0 0};
    %load/vec4 v00000296ad7166a0_0;
    %addi 1, 0, 8;
    %store/vec4 v00000296ad7166a0_0, 0, 8;
    %jmp T_20.4;
T_20.5 ;
    %vpi_call 19 86 "$fwrite", v00000296ad716740_0, "\012" {0 0 0};
T_20.2 ;
T_20.1 ;
    %jmp T_20;
    .thread T_20;
    .scope S_00000296ad715e60;
T_21 ;
    %wait E_00000296ad6a3770;
    %load/vec4 v00000296ad716560_0;
    %nor/r;
    %flag_set/vec4 8;
    %jmp/0xz  T_21.0, 8;
    %pushi/vec4 0, 0, 32;
    %assign/vec4 v00000296ad717640_0, 0;
    %pushi/vec4 0, 0, 32;
    %assign/vec4 v00000296ad7178c0_0, 0;
    %pushi/vec4 0, 0, 32;
    %assign/vec4 v00000296ad717f00_0, 0;
    %pushi/vec4 0, 0, 32;
    %assign/vec4 v00000296ad7173c0_0, 0;
    %jmp T_21.1;
T_21.0 ;
    %load/vec4 v00000296ad716880_0;
    %nor/r;
    %flag_set/vec4 8;
    %jmp/0xz  T_21.2, 8;
    %load/vec4 v00000296ad7171e0_0;
    %assign/vec4 v00000296ad717640_0, 0;
    %load/vec4 v00000296ad717a00_0;
    %assign/vec4 v00000296ad7178c0_0, 0;
    %load/vec4 v00000296ad7162e0_0;
    %assign/vec4 v00000296ad717f00_0, 0;
    %load/vec4 v00000296ad717b40_0;
    %assign/vec4 v00000296ad7173c0_0, 0;
T_21.2 ;
T_21.1 ;
    %jmp T_21;
    .thread T_21;
    .scope S_00000296ad71c670;
T_22 ;
    %wait E_00000296ad6a3af0;
    %load/vec4 v00000296ad718f70_0;
    %dup/vec4;
    %pushi/vec4 51, 0, 7;
    %cmp/u;
    %jmp/1 T_22.0, 6;
    %dup/vec4;
    %pushi/vec4 19, 0, 7;
    %cmp/u;
    %jmp/1 T_22.1, 6;
    %dup/vec4;
    %pushi/vec4 3, 0, 7;
    %cmp/u;
    %jmp/1 T_22.2, 6;
    %dup/vec4;
    %pushi/vec4 111, 0, 7;
    %cmp/u;
    %jmp/1 T_22.3, 6;
    %dup/vec4;
    %pushi/vec4 103, 0, 7;
    %cmp/u;
    %jmp/1 T_22.4, 6;
    %pushi/vec4 0, 0, 1;
    %store/vec4 v00000296ad719010_0, 0, 1;
    %pushi/vec4 0, 0, 32;
    %store/vec4 v00000296ad7186b0_0, 0, 32;
    %pushi/vec4 0, 0, 5;
    %store/vec4 v00000296ad718390_0, 0, 5;
    %jmp T_22.6;
T_22.0 ;
    %load/vec4 v00000296ad718cf0_0;
    %store/vec4 v00000296ad7186b0_0, 0, 32;
    %load/vec4 v00000296ad719bf0_0;
    %store/vec4 v00000296ad718390_0, 0, 5;
    %pushi/vec4 1, 0, 1;
    %store/vec4 v00000296ad719010_0, 0, 1;
    %jmp T_22.6;
T_22.1 ;
    %load/vec4 v00000296ad718cf0_0;
    %store/vec4 v00000296ad7186b0_0, 0, 32;
    %load/vec4 v00000296ad719bf0_0;
    %store/vec4 v00000296ad718390_0, 0, 5;
    %pushi/vec4 1, 0, 1;
    %store/vec4 v00000296ad719010_0, 0, 1;
    %jmp T_22.6;
T_22.2 ;
    %load/vec4 v00000296ad719470_0;
    %store/vec4 v00000296ad7186b0_0, 0, 32;
    %load/vec4 v00000296ad719bf0_0;
    %store/vec4 v00000296ad718390_0, 0, 5;
    %pushi/vec4 1, 0, 1;
    %store/vec4 v00000296ad719010_0, 0, 1;
    %jmp T_22.6;
T_22.3 ;
    %load/vec4 v00000296ad719510_0;
    %store/vec4 v00000296ad7186b0_0, 0, 32;
    %load/vec4 v00000296ad719bf0_0;
    %store/vec4 v00000296ad718390_0, 0, 5;
    %pushi/vec4 1, 0, 1;
    %store/vec4 v00000296ad719010_0, 0, 1;
    %jmp T_22.6;
T_22.4 ;
    %load/vec4 v00000296ad719510_0;
    %store/vec4 v00000296ad7186b0_0, 0, 32;
    %load/vec4 v00000296ad719bf0_0;
    %store/vec4 v00000296ad718390_0, 0, 5;
    %pushi/vec4 1, 0, 1;
    %store/vec4 v00000296ad719010_0, 0, 1;
    %jmp T_22.6;
T_22.6 ;
    %pop/vec4 1;
    %jmp T_22;
    .thread T_22, $push;
    .scope S_00000296ad2a7b70;
T_23 ;
    %wait E_00000296ad6a3ff0;
    %load/vec4 v00000296ad712c50_0;
    %dup/vec4;
    %pushi/vec4 51, 0, 7;
    %cmp/u;
    %jmp/1 T_23.0, 6;
    %dup/vec4;
    %pushi/vec4 19, 0, 7;
    %cmp/u;
    %jmp/1 T_23.1, 6;
    %dup/vec4;
    %pushi/vec4 3, 0, 7;
    %cmp/u;
    %jmp/1 T_23.2, 6;
    %dup/vec4;
    %pushi/vec4 35, 0, 7;
    %cmp/u;
    %jmp/1 T_23.3, 6;
    %pushi/vec4 0, 0, 5;
    %store/vec4 v00000296ad7126b0_0, 0, 5;
    %jmp T_23.5;
T_23.0 ;
    %load/vec4 v00000296ad712b10_0;
    %parti/s 5, 7, 4;
    %store/vec4 v00000296ad7126b0_0, 0, 5;
    %jmp T_23.5;
T_23.1 ;
    %load/vec4 v00000296ad712b10_0;
    %parti/s 5, 7, 4;
    %store/vec4 v00000296ad7126b0_0, 0, 5;
    %jmp T_23.5;
T_23.2 ;
    %load/vec4 v00000296ad712b10_0;
    %parti/s 5, 7, 4;
    %store/vec4 v00000296ad7126b0_0, 0, 5;
    %jmp T_23.5;
T_23.3 ;
    %pushi/vec4 0, 0, 5;
    %store/vec4 v00000296ad7126b0_0, 0, 5;
    %jmp T_23.5;
T_23.5 ;
    %pop/vec4 1;
    %jmp T_23;
    .thread T_23, $push;
    .scope S_00000296ad2a7b70;
T_24 ;
    %wait E_00000296ad6a45f0;
    %load/vec4 v00000296ad712570_0;
    %dup/vec4;
    %pushi/vec4 51, 0, 7;
    %cmp/u;
    %jmp/1 T_24.0, 6;
    %dup/vec4;
    %pushi/vec4 19, 0, 7;
    %cmp/u;
    %jmp/1 T_24.1, 6;
    %dup/vec4;
    %pushi/vec4 3, 0, 7;
    %cmp/u;
    %jmp/1 T_24.2, 6;
    %dup/vec4;
    %pushi/vec4 35, 0, 7;
    %cmp/u;
    %jmp/1 T_24.3, 6;
    %pushi/vec4 0, 0, 5;
    %store/vec4 v00000296ad7124d0_0, 0, 5;
    %jmp T_24.5;
T_24.0 ;
    %load/vec4 v00000296ad711210_0;
    %parti/s 5, 7, 4;
    %store/vec4 v00000296ad7124d0_0, 0, 5;
    %jmp T_24.5;
T_24.1 ;
    %load/vec4 v00000296ad711210_0;
    %parti/s 5, 7, 4;
    %store/vec4 v00000296ad7124d0_0, 0, 5;
    %jmp T_24.5;
T_24.2 ;
    %load/vec4 v00000296ad711210_0;
    %parti/s 5, 7, 4;
    %store/vec4 v00000296ad7124d0_0, 0, 5;
    %jmp T_24.5;
T_24.3 ;
    %pushi/vec4 0, 0, 5;
    %store/vec4 v00000296ad7124d0_0, 0, 5;
    %jmp T_24.5;
T_24.5 ;
    %pop/vec4 1;
    %jmp T_24;
    .thread T_24, $push;
    .scope S_00000296ad2a7b70;
T_25 ;
    %wait E_00000296ad6a3fb0;
    %load/vec4 v00000296ad7122f0_0;
    %dup/vec4;
    %pushi/vec4 51, 0, 7;
    %cmp/u;
    %jmp/1 T_25.0, 6;
    %dup/vec4;
    %pushi/vec4 19, 0, 7;
    %cmp/u;
    %jmp/1 T_25.1, 6;
    %dup/vec4;
    %pushi/vec4 35, 0, 7;
    %cmp/u;
    %jmp/1 T_25.2, 6;
    %dup/vec4;
    %pushi/vec4 99, 0, 7;
    %cmp/u;
    %jmp/1 T_25.3, 6;
    %pushi/vec4 0, 0, 5;
    %store/vec4 v00000296ad711850_0, 0, 5;
    %pushi/vec4 0, 0, 5;
    %store/vec4 v00000296ad7118f0_0, 0, 5;
    %jmp T_25.5;
T_25.0 ;
    %load/vec4 v00000296ad7117b0_0;
    %parti/s 5, 15, 5;
    %store/vec4 v00000296ad711850_0, 0, 5;
    %load/vec4 v00000296ad7117b0_0;
    %parti/s 5, 20, 6;
    %store/vec4 v00000296ad7118f0_0, 0, 5;
    %jmp T_25.5;
T_25.1 ;
    %load/vec4 v00000296ad7117b0_0;
    %parti/s 5, 15, 5;
    %store/vec4 v00000296ad711850_0, 0, 5;
    %pushi/vec4 0, 0, 5;
    %store/vec4 v00000296ad7118f0_0, 0, 5;
    %jmp T_25.5;
T_25.2 ;
    %load/vec4 v00000296ad7117b0_0;
    %parti/s 5, 15, 5;
    %store/vec4 v00000296ad711850_0, 0, 5;
    %load/vec4 v00000296ad7117b0_0;
    %parti/s 5, 20, 6;
    %store/vec4 v00000296ad7118f0_0, 0, 5;
    %jmp T_25.5;
T_25.3 ;
    %load/vec4 v00000296ad7117b0_0;
    %parti/s 5, 15, 5;
    %store/vec4 v00000296ad711850_0, 0, 5;
    %load/vec4 v00000296ad7117b0_0;
    %parti/s 5, 20, 6;
    %store/vec4 v00000296ad7118f0_0, 0, 5;
    %jmp T_25.5;
T_25.5 ;
    %pop/vec4 1;
    %jmp T_25;
    .thread T_25, $push;
    .scope S_00000296ad2a7b70;
T_26 ;
    %wait E_00000296ad6a3770;
    %load/vec4 v00000296ad711a30_0;
    %nor/r;
    %flag_set/vec4 8;
    %jmp/0xz  T_26.0, 8;
    %pushi/vec4 0, 0, 1;
    %store/vec4 v00000296ad7115d0_0, 0, 1;
    %jmp T_26.1;
T_26.0 ;
    %load/vec4 v00000296ad712c50_0;
    %cmpi/e 3, 0, 7;
    %jmp/0xz  T_26.2, 4;
    %pushi/vec4 1, 0, 1;
    %store/vec4 v00000296ad7115d0_0, 0, 1;
    %jmp T_26.3;
T_26.2 ;
    %pushi/vec4 0, 0, 1;
    %store/vec4 v00000296ad7115d0_0, 0, 1;
T_26.3 ;
T_26.1 ;
    %jmp T_26;
    .thread T_26;
    .scope S_00000296ad2a7b70;
T_27 ;
    %wait E_00000296ad6a4430;
    %load/vec4 v00000296ad712c50_0;
    %cmpi/e 3, 0, 7;
    %flag_get/vec4 4;
    %jmp/0 T_27.2, 4;
    %load/vec4 v00000296ad7115d0_0;
    %pushi/vec4 0, 0, 1;
    %cmp/e;
    %flag_get/vec4 4;
    %and;
T_27.2;
    %flag_set/vec4 8;
    %jmp/0xz  T_27.0, 8;
    %pushi/vec4 1, 0, 1;
    %store/vec4 v00000296ad712250_0, 0, 1;
    %jmp T_27.1;
T_27.0 ;
    %pushi/vec4 0, 0, 1;
    %store/vec4 v00000296ad712250_0, 0, 1;
T_27.1 ;
    %jmp T_27;
    .thread T_27, $push;
    .scope S_00000296ad2a7b70;
T_28 ;
    %wait E_00000296ad6a41f0;
    %load/vec4 v00000296ad711850_0;
    %load/vec4 v00000296ad7126b0_0;
    %cmp/e;
    %flag_get/vec4 4;
    %jmp/0 T_28.2, 4;
    %load/vec4 v00000296ad7126b0_0;
    %pad/u 32;
    %pushi/vec4 0, 0, 32;
    %cmp/ne;
    %flag_get/vec4 4;
    %and;
T_28.2;
    %flag_set/vec4 8;
    %jmp/0xz  T_28.0, 8;
    %load/vec4 v00000296ad712c50_0;
    %cmpi/e 35, 0, 7;
    %jmp/0xz  T_28.3, 4;
    %pushi/vec4 1, 0, 1;
    %store/vec4 v00000296ad711710_0, 0, 1;
    %load/vec4 v00000296ad711670_0;
    %store/vec4 v00000296ad712390_0, 0, 32;
    %jmp T_28.4;
T_28.3 ;
    %pushi/vec4 1, 0, 1;
    %store/vec4 v00000296ad711710_0, 0, 1;
    %load/vec4 v00000296ad711cb0_0;
    %store/vec4 v00000296ad712390_0, 0, 32;
T_28.4 ;
    %jmp T_28.1;
T_28.0 ;
    %load/vec4 v00000296ad711850_0;
    %load/vec4 v00000296ad7124d0_0;
    %cmp/e;
    %flag_get/vec4 4;
    %jmp/0 T_28.7, 4;
    %load/vec4 v00000296ad7124d0_0;
    %pad/u 32;
    %pushi/vec4 0, 0, 32;
    %cmp/ne;
    %flag_get/vec4 4;
    %and;
T_28.7;
    %flag_set/vec4 8;
    %jmp/0xz  T_28.5, 8;
    %pushi/vec4 1, 0, 1;
    %store/vec4 v00000296ad711710_0, 0, 1;
    %load/vec4 v00000296ad712cf0_0;
    %store/vec4 v00000296ad712390_0, 0, 32;
    %jmp T_28.6;
T_28.5 ;
    %pushi/vec4 0, 0, 1;
    %store/vec4 v00000296ad711710_0, 0, 1;
    %pushi/vec4 0, 0, 32;
    %store/vec4 v00000296ad712390_0, 0, 32;
T_28.6 ;
T_28.1 ;
    %jmp T_28;
    .thread T_28, $push;
    .scope S_00000296ad2a7b70;
T_29 ;
    %wait E_00000296ad6a4130;
    %load/vec4 v00000296ad7118f0_0;
    %load/vec4 v00000296ad7126b0_0;
    %cmp/e;
    %flag_get/vec4 4;
    %jmp/0 T_29.2, 4;
    %load/vec4 v00000296ad7126b0_0;
    %pad/u 32;
    %pushi/vec4 0, 0, 32;
    %cmp/ne;
    %flag_get/vec4 4;
    %and;
T_29.2;
    %flag_set/vec4 8;
    %jmp/0xz  T_29.0, 8;
    %load/vec4 v00000296ad712c50_0;
    %cmpi/e 35, 0, 7;
    %jmp/0xz  T_29.3, 4;
    %pushi/vec4 1, 0, 1;
    %store/vec4 v00000296ad712e30_0, 0, 1;
    %load/vec4 v00000296ad711670_0;
    %store/vec4 v00000296ad711990_0, 0, 32;
    %jmp T_29.4;
T_29.3 ;
    %pushi/vec4 1, 0, 1;
    %store/vec4 v00000296ad712e30_0, 0, 1;
    %load/vec4 v00000296ad711cb0_0;
    %store/vec4 v00000296ad711990_0, 0, 32;
T_29.4 ;
    %jmp T_29.1;
T_29.0 ;
    %load/vec4 v00000296ad7118f0_0;
    %load/vec4 v00000296ad7124d0_0;
    %cmp/e;
    %flag_get/vec4 4;
    %jmp/0 T_29.7, 4;
    %load/vec4 v00000296ad7124d0_0;
    %pad/u 32;
    %pushi/vec4 0, 0, 32;
    %cmp/ne;
    %flag_get/vec4 4;
    %and;
T_29.7;
    %flag_set/vec4 8;
    %jmp/0xz  T_29.5, 8;
    %pushi/vec4 1, 0, 1;
    %store/vec4 v00000296ad712e30_0, 0, 1;
    %load/vec4 v00000296ad712cf0_0;
    %store/vec4 v00000296ad711990_0, 0, 32;
    %jmp T_29.6;
T_29.5 ;
    %pushi/vec4 0, 0, 1;
    %store/vec4 v00000296ad712e30_0, 0, 1;
    %pushi/vec4 0, 0, 32;
    %store/vec4 v00000296ad711990_0, 0, 32;
T_29.6 ;
T_29.1 ;
    %jmp T_29;
    .thread T_29, $push;
    .scope S_00000296ad2b6af0;
T_30 ;
    %wait E_00000296ad6a3770;
    %load/vec4 v00000296ad711350_0;
    %nor/r;
    %flag_set/vec4 8;
    %jmp/0xz  T_30.0, 8;
    %pushi/vec4 1, 0, 2;
    %assign/vec4 v00000296ad712930_0, 0;
    %pushi/vec4 0, 0, 1;
    %assign/vec4 v00000296ad711ad0_0, 0;
    %jmp T_30.1;
T_30.0 ;
    %load/vec4 v00000296ad65b9b0_0;
    %flag_set/vec4 8;
    %jmp/0xz  T_30.2, 8;
    %load/vec4 v00000296ad712930_0;
    %dup/vec4;
    %pushi/vec4 0, 0, 2;
    %cmp/u;
    %jmp/1 T_30.4, 6;
    %dup/vec4;
    %pushi/vec4 1, 0, 2;
    %cmp/u;
    %jmp/1 T_30.5, 6;
    %dup/vec4;
    %pushi/vec4 2, 0, 2;
    %cmp/u;
    %jmp/1 T_30.6, 6;
    %dup/vec4;
    %pushi/vec4 3, 0, 2;
    %cmp/u;
    %jmp/1 T_30.7, 6;
    %pushi/vec4 0, 0, 2;
    %assign/vec4 v00000296ad712930_0, 0;
    %jmp T_30.9;
T_30.4 ;
    %load/vec4 v00000296ad7112b0_0;
    %flag_set/vec4 8;
    %jmp/0 T_30.10, 8;
    %pushi/vec4 1, 0, 2;
    %jmp/1 T_30.11, 8;
T_30.10 ; End of true expr.
    %pushi/vec4 0, 0, 2;
    %jmp/0 T_30.11, 8;
 ; End of false expr.
    %blend;
T_30.11;
    %assign/vec4 v00000296ad712930_0, 0;
    %jmp T_30.9;
T_30.5 ;
    %load/vec4 v00000296ad7112b0_0;
    %flag_set/vec4 8;
    %jmp/0 T_30.12, 8;
    %pushi/vec4 2, 0, 2;
    %jmp/1 T_30.13, 8;
T_30.12 ; End of true expr.
    %pushi/vec4 0, 0, 2;
    %jmp/0 T_30.13, 8;
 ; End of false expr.
    %blend;
T_30.13;
    %assign/vec4 v00000296ad712930_0, 0;
    %jmp T_30.9;
T_30.6 ;
    %load/vec4 v00000296ad7112b0_0;
    %flag_set/vec4 8;
    %jmp/0 T_30.14, 8;
    %pushi/vec4 3, 0, 2;
    %jmp/1 T_30.15, 8;
T_30.14 ; End of true expr.
    %pushi/vec4 1, 0, 2;
    %jmp/0 T_30.15, 8;
 ; End of false expr.
    %blend;
T_30.15;
    %assign/vec4 v00000296ad712930_0, 0;
    %jmp T_30.9;
T_30.7 ;
    %load/vec4 v00000296ad7112b0_0;
    %flag_set/vec4 8;
    %jmp/0 T_30.16, 8;
    %pushi/vec4 3, 0, 2;
    %jmp/1 T_30.17, 8;
T_30.16 ; End of true expr.
    %pushi/vec4 2, 0, 2;
    %jmp/0 T_30.17, 8;
 ; End of false expr.
    %blend;
T_30.17;
    %assign/vec4 v00000296ad712930_0, 0;
    %jmp T_30.9;
T_30.9 ;
    %pop/vec4 1;
T_30.2 ;
T_30.1 ;
    %jmp T_30;
    .thread T_30;
    .scope S_00000296ad2b6af0;
T_31 ;
    %wait E_00000296ad6a3db0;
    %load/vec4 v00000296ad712930_0;
    %dup/vec4;
    %pushi/vec4 0, 0, 2;
    %cmp/u;
    %jmp/1 T_31.0, 6;
    %dup/vec4;
    %pushi/vec4 1, 0, 2;
    %cmp/u;
    %jmp/1 T_31.1, 6;
    %dup/vec4;
    %pushi/vec4 2, 0, 2;
    %cmp/u;
    %jmp/1 T_31.2, 6;
    %dup/vec4;
    %pushi/vec4 3, 0, 2;
    %cmp/u;
    %jmp/1 T_31.3, 6;
    %pushi/vec4 0, 0, 1;
    %assign/vec4 v00000296ad711ad0_0, 0;
    %jmp T_31.5;
T_31.0 ;
    %pushi/vec4 0, 0, 1;
    %store/vec4 v00000296ad711ad0_0, 0, 1;
    %jmp T_31.5;
T_31.1 ;
    %pushi/vec4 0, 0, 1;
    %store/vec4 v00000296ad711ad0_0, 0, 1;
    %jmp T_31.5;
T_31.2 ;
    %pushi/vec4 1, 0, 1;
    %store/vec4 v00000296ad711ad0_0, 0, 1;
    %jmp T_31.5;
T_31.3 ;
    %pushi/vec4 1, 0, 1;
    %store/vec4 v00000296ad711ad0_0, 0, 1;
    %jmp T_31.5;
T_31.5 ;
    %pop/vec4 1;
    %jmp T_31;
    .thread T_31, $push;
    .scope S_00000296ad2cddb0;
T_32 ;
    %vpi_call 4 11 "$dumpfile", "wave.vcd" {0 0 0};
    %vpi_call 4 12 "$dumpvars", 32'sb00000000000000000000000000000000, S_00000296ad2cddb0 {0 0 0};
    %pushi/vec4 0, 0, 1;
    %store/vec4 v00000296ad71f790_0, 0, 1;
    %pushi/vec4 1, 0, 1;
    %store/vec4 v00000296ad71f830_0, 0, 1;
    %delay 10000, 0;
    %pushi/vec4 0, 0, 1;
    %store/vec4 v00000296ad71f830_0, 0, 1;
    %delay 10000, 0;
    %pushi/vec4 1, 0, 1;
    %store/vec4 v00000296ad71f830_0, 0, 1;
    %delay 100000000, 0;
    %vpi_call 4 16 "$finish" {0 0 0};
    %end;
    .thread T_32;
    .scope S_00000296ad2cddb0;
T_33 ;
T_33.0 ;
    %delay 50000, 0;
    %load/vec4 v00000296ad71f790_0;
    %inv;
    %store/vec4 v00000296ad71f790_0, 0, 1;
    %jmp T_33.0;
    %end;
    .thread T_33;
    .scope S_00000296ad2cddb0;
T_34 ;
    %vpi_func 4 26 "$fopen" 32, "./Printer_data.log" {0 0 0};
    %store/vec4 v00000296ad720cd0_0, 0, 32;
    %load/vec4 v00000296ad720cd0_0;
    %cmpi/ne 0, 0, 32;
    %jmp/0xz  T_34.0, 4;
    %vpi_call 4 28 "$fwrite", v00000296ad720cd0_0, "|-Cycles-|---IF---|---ID---|---EX---|---MEM--|---WB---|\012" {0 0 0};
T_34.0 ;
    %end;
    .thread T_34;
    .scope S_00000296ad2cddb0;
T_35 ;
    %wait E_00000296ad6a3770;
    %load/vec4 v00000296ad71f830_0;
    %nor/r;
    %flag_set/vec4 8;
    %jmp/0xz  T_35.0, 8;
    %pushi/vec4 0, 0, 32;
    %assign/vec4 v00000296ad720c30_0, 0;
    %jmp T_35.1;
T_35.0 ;
    %load/vec4 v00000296ad720c30_0;
    %addi 1, 0, 32;
    %assign/vec4 v00000296ad720c30_0, 0;
    %vpi_call 4 36 "$fwrite", v00000296ad720cd0_0, "%9d", v00000296ad720c30_0 {0 0 0};
    %vpi_call 4 37 "$fwrite", v00000296ad720cd0_0, " %h", v00000296ad71f470_0 {0 0 0};
    %vpi_call 4 38 "$fwrite", v00000296ad720cd0_0, " %h", v00000296ad71d780_0 {0 0 0};
    %vpi_call 4 39 "$fwrite", v00000296ad720cd0_0, " %h", v00000296ad71eae0_0 {0 0 0};
    %vpi_call 4 40 "$fwrite", v00000296ad720cd0_0, " %h", v00000296ad720370_0 {0 0 0};
    %vpi_call 4 41 "$fwrite", v00000296ad720cd0_0, " %h\012", v00000296ad720910_0 {0 0 0};
T_35.1 ;
    %jmp T_35;
    .thread T_35;
# The file index is used to find the file name in the following table.
:file_names 24;
    "N/A";
    "<interactive>";
    "MUX_A.v";
    "MUX_B.v";
    "tb.v";
    "CPU_RISCV.v";
    "ALU.v";
    "MUX.v";
    "BHT.v";
    "EX_MEM_regs.v";
    "ForwardingCtrlUnion.v";
    "./opcodeList.vh";
    "InstructionDecoder.v";
    "./ALU_ctrl_list.vh";
    "ID_EX_regs.v";
    "IF_ID_regs.v";
    "JumpCtrlUnion.v";
    "MEM_WB_regs.v";
    "SUBB4.v";
    "RAM.v";
    "RegisterFile.v";
    "ROM.v";
    "WritebackControlLogic.v";
    "PC_BTB.v";
